Name,Address,Suburb,Postcode,LGA,Licensee,Licensee ABN,Facebook Link,Instagram link,Email Address,Additional Email,Phone Number
Alliance OpCo pty Ltd,"Level 11, 33-35 200 GEORGE ST ",SYDNEY,2000,Sydney,ALLIANCE OPCO PTY LTD,87654268390.0,,,,,(02) 8213 2208
Annies Country Bakery,6 FUNNELL DR ,MODANVILLE,2480,Lismore,Ronesa Oliver,,https://www.facebook.com/Annies-Country-Bakery-101575129069575,,,,0432 761 306
Curlewis Sporting and Recreation Group,29 POOLE ST ,CURLEWIS,2381,Gunnedah,Curlewis Sporting and Recreation Group,11698783996.0,,,,,
Benzie's,49 BANKSIA ST ,BOTANY,2019,Bayside,Coral Pinchas,,,,,,0450 667 002
Blue Zebra Events,25 HIGHBURY RD ,NORTH KELLYVILLE,2155,The Hills,Colin Dale,,,,,,0414 684 810
Elsie's cafe,23 PARK ST ,GLENBROOK,2773,Blue Mountains,ELSIE'S CAFE PTY LTD,73683237103.0,,,,,
THE SWING SAW CAFE,18-20 PICNIC POINT RD ,MATHOURA,2710,Murray River,Gary DUGGAN,,,,,,
AL DENTE RISTORANTE,Shop 3A 90-98 Glenmore Ridge Road ,GLENMORE PARK,2745,Penrith,David Yousif,,,,,,0400 447 766
Lions Baseball Club - Baseball Park Canteen,26 Newcastle Street ,SPRINGFIELD,2250,Central Coast,Danielle Street,,,,,,
Aroma of Indonesia,GR03-04 137-151 CLARENCE STREET ,SYDNEY,2000,Sydney,Nessiana Pamudji,,,,,,
The Meadowbank Hotel,27 RAILWAY RD ,MEADOWBANK,2114,Ryde,WEDGE HOUSE PTY LTD,47677910075.0,http://www.theselectinnryde.com.au/,,,,(02) 8737 8222
erina Rugby League Football Club,18 ILYA AV ,ERINA,2250,Central Coast,Anthony Jeffcott,,http://erinaleagues.com.au/,,,,(02) 4365 2233
Gunnedah & District Football Club,94-142 CONADILLY ST ,GUNNEDAH,2380,Gunnedah,Michael Flannery,,http://facebook.com/gunnedahsoccer,,,,
Nando's Merrylands,Shop D.02A 239 Merrylands Rd ,MERRYLANDS,2160,Cumberland,NANDO'S AUSTRALIA PTY LTD,20079066407.0,https://www.nandos.com.au/?utm_source=google&utm_medium=organic&utm_campaign=gmb-website&utm_term=NANDOSMERRYLANDS,,,,1300 626 367
JENNY'S BUN,SHOP 1A & 1D 369 VICTORIA AVE ,CHATSWOOD,2067,Willoughby,JENNY H CHATSWOOD PTY LTD,24673235893.0,,,,,
Thai spice bites,2316-2320 SILVERDALE RD ,SILVERDALE,2752,Wollondilly,Bimala UPRETY,,,,,,(02) 4706 5095
Matt's Place,"Shop 1, 2-4 Prince Charles Parade ",KURNELL,2231,Sutherland,MATTS PLACE PTY LTD,50681391079.0,http://mattsplace.au/,,,,(02) 8519 9106
MAGMA BY DANY KARAM,Restaurant Premises Ground Floor 1  Bartley St ,Canley Vale,2166,Fairfield,Tim CHEN,,https://cabravale.com.au/,,,,(02) 9727 3600
RAMEN GO,SHOP 3 2-8 HARBOUR DR ,COFFS HARBOUR,2450,Coffs Harbour,Misa Higo,,https://ramengo.com.au/,,,,
10K Noodles Restaurant,"First Floor, 77 Rowe St ",EASTWOOD,2122,Ryde,LA & CO PTY LTD,40685976925.0,,,,,0433 922 816
Guzman y Gomez Punchbowl,1582-1584 CANTERBURY RD ,PUNCHBOWL,2196,Canterbury-Bankstown,GUZMAN Y GOMEZ RESTAURANT GROUP PTY LIMITED,60123803216.0,https://www.guzmanygomez.com.au/?y_source=1_MTA5NTg2MzI2My03MTUtbG9jYXRpb24ud2Vic2l0ZQ%3D%3D,,,,(02) 7256 8218
il buco,UNIT 4 4 BAY LANE ,BYRON BAY,2481,Byron,ANGELO FAVILLA,,http://ilbucobyron.com/,,,,0423 272 827
Dodgers baseball Club INC,26 NEWCASTLE ST ,SPRINGFIELD,2250,Central Coast,Gregory SCALES,,,,,,
Bungendore Rugby Football Club Inc,15 HALFWAY CREEK RD ,BUNGENDORE,2621,Queanbeyan-Palerang Regional,Alison Cook,,,,,,
Koonorigan Community Hall,395 KOONORIGAN RD ,KOONORIGAN,2480,Lismore,Daniel CONWAY,,,,,,
Burger Urge Thurgoona,SHOP 1 30 DIAMOND DR ,THURGOONA,2640,Albury,DEHARLOW PTY LTD,73660870637.0,https://burgerurge.com.au/locations/thurgoona/,,,,(02) 5005 7975
"THE TASTE OF INDIA, SILVERDALE",SHOP 10 2320 SILVERDALE RD ,SILVERDALE,2752,Wollondilly,Gaurav KHARBANDA,,https://www.instagram.com/thetasteofindia_silverdale?igsh=MWRzdHU0dndmNjVkdA==,,,,(02) 4773 4197
BRONTE BELO AUSTRALIA PTY. LTD.,212 RILEY ST ,SURRY HILLS,2010,Sydney,BRONTE BELO AUSTRALIA PTY. LTD.,18685085367.0,https://www.brontebelo.com.au/,,,,0428 209 093
Gang Thai,CQT 10 / 180 GEORGE ST ,SYDNEY,2000,Sydney,GANG THAI SYDNEY PTY LTD,29683394952.0,,,,,0415 369 656
Saigon bites dining Inn,497 KIEWA ST ,ALBURY,2640,Albury,THI MY CHI NGUYEN,,,,,,(02) 6021 1173
Thai Hanuman (Glenmore Park),"Shop AR03, 90-98 Glenmore Ridge Drive ",GLENMORE PARK,2745,Penrith,RS HANUMAN PTY LTD,45671506120.0,https://thaihanumanglenmorepark.com/,,,,0404 677 799
Quirindi Polo Carnival Club,84 Milner Parade ,QUIRINDI,2343,Liverpool Plains,Sarah Bailey,,http://www.clubquirindi.com.au/,,,,(02) 6746 1566
MURLFC,18 CARROLL AV ,MOLLYMOOK BEACH,2539,Shoalhaven,Sally Stewart,,http://www.mollymookbowling.com.au/,,,,(02) 4455 5222
Z BAR CAFE & RESTAURANT,SHOP 7 63 VETERANS PDE ,COLLAROY PLATEAU,2097,Northern Beaches,BHUPI AND UJJWAL PTY LTD,86675046063.0,http://zbarcafe.com.au/,,,,(02) 9972 3825
Mary's Milkbar,"UNITS 1-3, 13 ORCHARD RD, ",BROOKVALE,2100,Northern Beaches,MARY'S MILKBAR PTY LTD,,,,,,
Miss Dumpling,34-38 BELMORE RD ,RANDWICK,2031,Randwick,Jingrui Tian,,https://revu.website/151544,,,,0468 529 888
Ladbroken Catering,7 ALBURY ST ,TUMBARUMBA,2653,Snowy Valleys,Roberta LADBROOK,,http://www.ladbroken.com/,,,,(02) 6046 9746
Bayside Pantry,SHOP 2 26 MARY ST ,SHELLHARBOUR,2529,Shellharbour,TRIPLEH AND CO PTY LTD,,https://www.facebook.com/Bayside-Pantry-105935878681751,,,,0456 584 736
The Homely Haven Café,44 HOLT ST ,SURRY HILLS,2010,Sydney,Mateus da Cruz,,https://www.thehomelyhaven.com.au/,,,,0452 342 836
Comeco Foods Cafe,524-524A KING ST ,NEWTOWN,2042,Sydney,Masaaki Haga,,http://comecofoods.com.au/,,,,
Metatai Teppanyaki restaurant,SHOP 7 101 WATERLOO RD ,MACQUARIE PARK,2113,Ryde,KINKAKU FORTUNE PTY LTD,19669756138.0,https://metatai.com.au/,,,,0451 906 752
Guyra Rugby League Club,4 FALCONER RD ,GUYRA,2365,Armidale Regional,Kylie Sutton,,http://www.armidaleregional.nsw.gov.au/community/sport-and-recreation/outdoor-sport-facilities,,,,1300 136 833
Umina Bunnies RLFC Inc,2 Melbourne ave ,UMINA BEACH,2257,Central Coast,Shannon Michie,,https://uminabunniesjrlfc.com.au/,,,,0449 007 625
No.1 Skewers,Ground Floor Shop 1 217 Rowe St ,EASTWOOD,2122,Ryde,Yun Feng Shi,,,,,,0494 363 260
Wee Waa Rugby League Football Club,23336 KAMILAROI HWY ,WEE WAA,2388,Narrabri,Valerie Orcher,,,,,,
Byron Catering Cart,49 FIG TREE LANE ,MYOCUM,2481,Byron,STATION STREET BANGALOW INVESTMENTS PTY LTD,,,,,,
The French Carousel,486 ELLSMORE RD ,EXETER,2579,Wingecarribee,THE FRENCH CAROUSEL PTY LTD,71680795840.0,,,,,
Gold Medal Chinese Restaurant Forster,4 WALLIS ST ,FORSTER,2428,Mid-Coast,PWY INVESTMENTS PTY LTD,58675941830.0,,,,,(02) 6505 2406
Cafe Japanon Ultimo,180 THOMAS ST ,HAYMARKET,2000,Sydney,Marcel Yazbeck,,https://cafe-japanon-ultimo.square.site/,,,,0447 336 247
Woodberry Wolves Baseball Club,329 LAWSON AV ,WOODBERRY,2322,Maitland,Andrew Anderson,,,,,,
Temora Aviation Museum Inc.,1-9 TOM MOON AV ,TEMORA,2666,Temora,Emma Bowley,,http://aviationmuseum.com.au/,,,,(02) 6977 1088
West Maitland Senior Rugby League Maitland Incorporated,Bligh Street ,TELARAH,2320,Maitland,Amy GREER,,https://www.facebook.com/share/1Xi54ZU3Db/?mibextid=LQQJ4d,,,,
Nelson Bay Bandits RLFCI,50 MARINE DR ,FINGAL BAY,2315,Port Stephens,Grace O'Flaherty,,,,,,
TLC (Tender Loving Crust),UNIT 3 17-19 BALFOUR ST ,ALLAWAH,2218,Georges River,Daniyal Yousif,,,,,,(02) 9553 6266
Sixnature Thai,"1417A WESTFIELD WARRINGAH, 145 OLD PITTWATER RD ",BROOKVALE,2100,Northern Beaches,Yossarul Uppatum,,,,,,0466 924 830
Returned and Services League Sub Branch Broken Hill,399 ARGENT ST ,BROKEN HILL,2880,Broken Hill,Jaimie Garrard,,,,,,(08) 8088 1024
Sale Pepe Pizzeria,UNIT 44 9 POWELLS RD ,BROOKVALE,2100,Northern Beaches,Enrico Sini,,https://salepepe.pizza/,,,,(02) 9160 0955
Key Cafe,61 West High Street ,COFFS HARBOUR,2450,Coffs Harbour,Key Employment Association Ltd,84515042040.0,http://www.keycafe.com.au/,,,,0484 237 824
Moruya Rugby League Football Club Inc,98 ALBERT ST ,MORUYA,2537,Eurobodalla,Patrick MCMAHON,,,,,,
Cafe Lewi,8A VICTORIA ST ,LEWISHAM,2049,Inner West,John LAURETI,,,,,,0435 837 003
Ippudo Parramatta,Shop 1 & 2/85 MACQUARIE ST ,PARRAMATTA,2150,Parramatta,IPPUDO AUSTRALIA PTY LTD,50158402343.0,,,,,
Zabb Thai Vacy,802 GRESFORD RD ,VACY,2421,Dungog,Pieter Wood,,https://www.facebook.com/p/Zabb-Thai-61560452064153/,,,,0400 702 745
R by Raita Noda,Shop RL104 397-399 Cleveland Street ,REDFERN,2016,Sydney,RHM.CO PTY LTD,21649923222.0,http://rbyraitanoda.com.au/,,,,0451 068 815
WANDERERS RUGBY HOME GAMES,Smith Street ,NEWCASTLE WEST,2302,Newcastle,David Campbell,,http://www.wanderersrugby.com.au/,,,,0425 216 466
District 21 Masonic Association,365 PACIFIC HWY ,WYONG,2259,Central Coast,Simon WOOD,,,,,,
Hongdae Pocha,"Shop 3, 5 Central Park Avenue (a.k.a. Building 23) ",CHIPPENDALE,2008,Sydney,BEHOLD F&B PTY LTD,43675497579.0,,,,,0451 829 778
Kickin'Inn Marina Square," Tenancy RT.410, 5 Footbridge Bvd ",WENTWORTH POINT,2127,Parramatta,MODERN RESTAURANTS TRADING 25 PTY LTD,,https://www.kickininn.com.au/,,,,(02) 4410 4024
Port Stephens Australian Football Club Inc,Ferodale Road ,MEDOWIE,2318,Port Stephens,ROSS CARTER,,http://portstephensafc.au/,,,,0406 304 679
Raymond Terrace Magpies RLFC,13 LEISURE WAY ,RAYMOND TERRACE,2324,Port Stephens,Shenae HANDSAKER,,https://www.portstephens.nsw.gov.au/community/community-venues/sports-fields/lakeside-sports-complex,,,,(02) 4980 0255
Pambula Panthers AFL Club,Lot 354 Pambula Beach Rd ,PAMBULA BEACH,2549,Bega Valley,David HOLLAND,,,,,,4258258025
The What If Society,SHOP 1 441-443 ARGYLE ST ,MOSS VALE,2577,Wingecarribee,THE WHAT IF SOCIETY PTY LIMITED,92669323451.0,https://www.thewhatifsociety.com/,,,,
Taco Love Bros,20 CATHCART ST ,LISMORE,2480,Lismore,DYLAN MORRIS,,http://www.tacolovebros.com.au/,,,,(02) 9145 5125
Dorsia,3&4/109 Jonson Street ,BYRON BAY,2481,Byron,Martyn Ridings,,,,,,
Easts Rugby Club incorporated,21A MAITLAND RD ,MAYFIELD,2304,Newcastle,Peter Hope,,https://www.facebook.com/eastsjuniorrugbyclub,,,,0435 174 777
Bar Myla,169 WILLIAM ST ,DARLINGHURST,2010,Sydney,Michael Starr,,https://barmyla.com/,,,,
WingMill,SHOP 9 888 PITTWATER RD ,DEE WHY,2099,Northern Beaches,WINGMILL PTY LTD,,,,,,0413 447 770
The Villa Cafe,19 BEACH RD ,REDHEAD,2290,Lake Macquarie,Rochelle Potts,,http://www.thevillacafe.com.au/,,,,0488 100 862
Oceanic Tastes Pty Ltd, Shop 1 & 2 1 Gauthorpe St ,RHODES,2138,Canada Bay,Helen Chen,,https://revu.website/150269,,,,0414 490 633
Hanok Korean BBQ Eastgardens,"Shop FC05, 152 Bunnerong Road ",EASTGARDENS,2036,Bayside,HANOK PTY LTD,,,,,,0416 830 888
Cornerstone Exceptional Coffee,UNIT 2 10 WARATAH RD ,ENGADINE,2233,Sutherland,Reece Misso,,https://www.cnrstonecoffee.com/#6,,,,
Cardiff City Football Club,137 MYALL RD ,CARDIFF,2285,Lake Macquarie,David Konik,,https://lakemac.com.au/page.aspx?pid=178&vid=21&dcid=257&dconid=1104&dpt=Details,,,,0439 450 509
Camp Grounds,318 PEEL ST ,TAMWORTH,2340,Tamworth Regional,M. HOPE & M. BETTESWORTH PTY LTD,98649831265.0,http://campgroundscoffee.com.au/,,,,0468 957 896
Genso Japanese Bar & Bistro,Shop 1 & 2 445  Argyle Street ,Moss Vale,2577,Wingecarribee,GENSO JAPANESE BAR & BISTRO PTY LTD.,56680656820.0,,,,,(02) 4861 7756
PAJUOK,21A VICTORIA AV ,CONCORD WEST,2138,Canada Bay,Seung Ha Jung,,,,,,0420 732 138
Rhome,86-88 BAYSWATER RD ,RUSHCUTTERS BAY,2011,Sydney,RHOME PTY LTD,44654125130.0,,,,,(02) 8084 9984
Broken Hill Repertory Society,189 WILLS ST ,BROKEN HILL,2880,Broken Hill,Licul Armando,,http://theatre44.com/,,,,(08) 8087 9585
Fresh Catering Pty Ltd,52-70 WEEROONA RD ,STRATHFIELD,2135,Strathfield,FRESH CATERING PTY LIMITED,92081900003.0,https://www.thefreshcollective.com.au/,,,,(02) 8399 3055
Xibao Ramen House,SHOP 2 238-242 WILLIAM ST ,POTTS POINT,2011,Sydney,XIBAO PTY LTD,88671110633.0,,,,,(02) 7227 5761
SOUTH SYDNEY AMATEUR FISHING ASSOCIATION INCORPORATED,103 MACQUARIE ST ,CHIFLEY,2036,Randwick,Stelios Konstantaras,,http://www.southsydneyafa.com/,,,,0407 131 714
Office Lobby Sydney Central,Ground level 477 Pitt Street ,SYDNEY,2000,Sydney,Thi Kieu Duyen Do,,,,,,
Bay Brew Cafe,97 BAY RD ,WAVERTON,2060,North Sydney,KTL INTERNATIONAL PTY LTD,95622740710.0,http://www.baybrewcafe.com.au/,,,,
Sea Fish Cafe,Shop 1 & 2 223 WINDSOR ST ,RICHMOND,2753,Hawkesbury,SEAFISH CAFE PTY LTD,35681009432.0,,,,,(02) 4572 2914
Salumerie,UNIT 1 40 EAST ESP ,MANLY,2095,Northern Beaches,Emanuele Salomone,,,,,,(02) 9331 5341
Lyf Bondi Junction,5-11 HOLLYWOOD AV ,BONDI JUNCTION,2022,Waverley,ASCOTT INTERNATIONAL MANAGEMENT (AUSTRALIA) PTY LTD,,https://www.discoverasr.com/en/lyf/australia/lyf-bondi-junction-sydney?utm_source=google&utm_medium=maps&utm_campaign=hq-google-maps-alwayson-20240815-all-all-au-au-lyfbondijunctionsydney-eme-gbp,,,,(02) 7241 9720
The Bungalow Petersham,340 STANMORE RD ,PETERSHAM,2049,Inner West,Binura Jayasuriya,,https://thebungalowpetersham.com.au/,,,,0414 035 978
S&K ENTERTAINMENT GROUP PTY LTD,SUITE 1 7 BARBARA ST ,FAIRFIELD,2165,Fairfield,S&K ENTERTAINMENT GROUP PTY LTD,22665449365.0,,,,,
Warren Rugby League Football Club Inc,Udora Road ,WARREN,2824,Warren,Amanda Brien,,,,,,68476670
THE BLACK CROW ESPRESSO BAR & EATERY PTY LTD,56 KEPPEL ST ,BATHURST,2795,Bathurst Regional,THE BLACK CROW ESPRESSO BAR & EATERY PTY LTD,88681987048.0,,,,,0411 811 162
Food & Farm Dining,1/99 MARKET ST ,MUDGEE,2850,Mid-Western Regional,Gregory Peel,,,,,,0412 522 016
CENTRAL COAST SOFTBALL ASSOCIATION,29 PASSAGE RD ,BATEAU BAY,2261,Central Coast,Kim Crosby,,,,,,
end of king cafe,609-611 KING ST ,NEWTOWN,2042,Inner West,JC DAIRY DISTRIBUTORS PTY LTD,63167100101.0,https://endofking.com.au/,,,,
Tanoshi Ulladulla,Shop 4 107 Princes Highway ,ULLADULLA,2539,Shoalhaven,jeeeun lee,,http://facebook.com/tanoshiulladulla,,,,0484 223 743
BAJA CANTINA,shop 2 30 Chalmers st ,Surry Hills,2010,Sydney,Martin Mueller,,https://baja-cantina.au/,,,,0477 727 155
The Kitchen Broken Hill,343 ARGENT ST ,BROKEN HILL,2880,Broken Hill,Julia Bevarne,,https://www.facebook.com/thekitchenwindowbrokenhill,,,,0486 004 963
Norwest Strikers Hockey Club,cnr Red Gables Road and Fontana Drive ,GABLES,2765,The Hills,David CAMPBELL,,https://www.nwshockey.com.au/home,,,,0434 015 192
A BOWL OF NOODLES,SHOP 3B 85 O'CONNOR ST ,CHIPPENDALE,2008,Sydney,SHEN HAI PTY LTD,63672443499.0,,,,,(02) 7201 0785
Gimmie Golf,186 PEEL ST ,NORTH TAMWORTH,2340,Tamworth Regional,Clark COLEMAN,,http://gimmiegolf.com.au/,,,,0461 455 406
Guzman y Gomez Ashfield,"Shop 31/31a, 260A Liverpool Road ",ASHFIELD,2131,Inner West,GUZMAN Y GOMEZ RESTAURANT GROUP PTY LIMITED,60123803216.0,https://www.guzmanygomez.com.au/?y_source=1_MTA4NzExNjU1Ny03MTUtbG9jYXRpb24ud2Vic2l0ZQ%3D%3D,,,,(02) 7209 7775
Newcastle Griffins Rugby Club Incorporated,21A MAITLAND RD ,MAYFIELD,2304,Newcastle,Carissa Smiles,,https://www.facebook.com/eastsjuniorrugbyclub,,,,0435 174 777
Jade Swan Seafood Restaurant,UNIT 2 48 THURLOW ST ,RIVERWOOD,2210,Georges River,Paul Millar,,https://www.clubrivers.com.au/jade-swan-seafood-restaurant/,,,,
Arclight Event Co,UNIT 6 196-202 WYNDHAM ST ,ALEXANDRIA,2015,Sydney,MMR ENTERTAINMENT PTY LTD,54165439716.0,https://arclighteventco.com.au/,,,,0423 255 908
Barrels Pizza,"Lot 2, Shop 4, 13 Wharf Street ",MURWILLUMBAH,2484,Tweed,Candice Aversa,,http://www.barrelspizza.com/,,,,0484 010 974
Glenbrook Underground,20 ROSS ST ,GLENBROOK,2773,Blue Mountains,Hannah Grazotis,,,,,,
Thai Puka Albury,UNIT 3 557 DEAN ST ,ALBURY,2640,Albury,Wimonwan Kongsasana,,http://thaipuka.com.au/,,,,0415 884 519
HASHI SUSHI MACQUARIE,SHOP 6 101 WATERLOO RD ,MACQUARIE PARK,2113,Ryde,ITSUMADEMO GROUP PTY LTD,34680623063.0,,,,,(02) 7228 3989
COPPERPOT INDIAN RESTAURANT MENAI,UNIT 8 72-80 ALLISON CR ,MENAI,2234,Sutherland,Suman Nihure,,https://copperpotindianrestaurant.com.au/JSMH,,,,(02) 9532 0533
Noodle Bar Mascot,"Shop 7 & 8, 260 Coward Street ",MASCOT,2020,Bayside,NOODLE BAR MASCOT PTY LTD,64676283293.0,,,,,0437 850 516
Sol Restaurant,148-158 The Entrance Road ,ERINA,2260,Central Coast,Sophie SCOTT,,"https://bookings.nowbookit.com/?accountid=39331558-b08e-4d0a-b7eb-31c6438f74b7&venueid=13013&theme=light&colors=hex,d1a394&background=transparent",,,,(02) 4365 4495
Good Pair Days,"SHOP 6, 353-359 CROWN ST, ",SURRY HILLS,2010,Sydney,Wine Gallery Pty. Ltd.,18601172936.0,https://www.adinahotels.com/en/apartments/sydney-surry-hills/?utm_source=googleplaces&utm_medium=organic&utm_campaign=googleplaces&utm_content=adina-sydney-surry-hills&utm_term=plcid_2371519371623681718,,,,(02) 8302 1000
Thai Thae Lidcombe,8 UHRIG RD ,LIDCOMBE,2141,Parramatta,ATRIUM RETREAT THAI PTY LTD,77682213270.0,https://app.ziicloud.com/store/view/2721,,,,0435 432 262
COFFEE OF THE 52,Shop 29 52 Bay ST ,ROCKDALE,2216,Bayside,Sandra Milena Duque Garcia,,,,,,0468 317 533
HOME THAI,87 OXFORD ST ,BONDI JUNCTION,2022,Waverley,Poungpaka Auttasadt,,https://homethai.net.au/,,,,(02) 9758 7273
Beach Safari,1 PISCATOR AV ,CURRARONG,2540,Shoalhaven,TOUFIC CHARABATI,,https://www.beachsafari.com.au/,,,,
Coonabarabran Rugby League football club inc,Lot 2 Chapple avenue ,COONABARABRAN,2357,Warrumbungle,Anthony Cole,,,,,,
Epiq Tavern,"6 & 26 Salt Air Circuit, ",LENNOX HEAD,2478,Ballina,CLARENCE PROPERTY CORPORATION LIMITED,67094710942.0,https://lennoxheadmedical.com.au/,,,,(02) 6687 7444
Amore e sapori from napoli,UNIT  7/732 NEW SOUTH HEAD RD ,ROSE BAY,2029,Woollahra,Federico De Rosa,,,,,,0404 954 009
Heads Fishing Club,River Road ,SHOALHAVEN HEADS,2535,Shoalhaven,Ion Lloyd,,http://www.shoalhavenheadsbowlingclub.com.au/,,,,(02) 4448 7154
Bob's Tacos,3/140 River St ,BALLINA,2478,Ballina,ROBERT THEAKER,,,,,,(02) 6686 7771
Akdeniz Grill House,UNIT 2 72 CLARENCE ST ,PORT MACQUARIE,2444,Port Macquarie-Hastings,Samet Portakaldali,,http://akdenizgrillhouse.com.au/,,,,(02) 6584 3531
Raj's Corner Highfields,317B PACIFIC HWY ,HIGHFIELDS,2289,Lake Macquarie,Harsimran singh Sangha,,https://rajscorner.com.au/,,,,(02) 4943 6219
MI Ji BBQ,2/6 Mount Olympus Boulevard ,WOLLI CREEK,2205,Bayside,MIPOPO KITCHEN PTY LTD,44652904599.0,,,,,0406 776 140
LYRICAL FEED,39 STATION ST ,ENGADINE,2233,Sutherland,LYRICAL FEED PTY LTD,34663449081.0,https://lyrical-feed.nextorder.com/,,,,0410 533 389
CAFE ACADEMIA,100  MACQUARIE ST ,LIVERPOOL,2170,Liverpool,KYPREO ITALIANO ENTERPRISES PTY LIMITED,86614641986.0,https://cafeacademia.com.au/,,,,0411 860 311
FORTUNE ALLEY MACQUARIE,Shop 406 197-223 Herring Rd ,Macquarie Park,2113,Ryde,FORTUNE ALLEY MACQUARIE CENTRE PTY LTD,81675241693.0,https://www.fortunealley.au/,,,,0461 286 063
The Green Bay (Waterfront Cafe),"Unit 1, 5, 6 1714 Pittwater Road ",BAYVIEW,2104,Northern Beaches,J B MEAT TRADING COMPANY PTY LTD,20629025190.0,https://thegreenbay.com.au/,,,,(02) 8528 2548
mAITLAND HARNESS RACING CLUB LTD,50 BLOMFIELD ST ,SOUTH MAITLAND,2320,Maitland,Bernard Lawler,,,,,,(02) 4933 3898
Camy's Chargrill Chicken Tramsheds,T15B TRAMSHEDS/1 DALGAL WAY ,FOREST LODGE,2037,Sydney,Carmel Khalil,,https://www.camys.com.au/,,,,0406 394 619
Saigon Summer Entertainment Quarter,SHOP 210 116 LANG RD ,MOORE PARK,2021,Sydney,Duy Trinh,,,,,,(02) 7900 8427
THE SEAT RESTAURANT,SHOP 94 328 NORTH ROCKS RD ,NORTH ROCKS,2151,Parramatta,AUD CREATION PTY LTD,43636685544.0,https://www.theseat.com.au/,,,,(02) 9768 5768
STELLAR STAR Food & Espresso Bar,Shop 6 2-12 Rainbow Drive ,ESTELLA,2650,Wagga Wagga,Richa Bahri,,https://stellarstar.com.au/,,,,(02) 6925 1004
Bar Lucio,12 LENTHALL ST ,KENSINGTON,2033,Randwick,MR LENTHALL PTY LTD,66640427809.0,,,,,(02) 9663 0693
Harbour House Ulladulla,81 PRINCES HWY ,ULLADULLA,2539,Shoalhaven,Robert Loydell,,https://harbourhouseulladulla.com.au/,,,,(02) 4415 6116
Fort Scratchley Function Centre,Fort Scratchley Function Centre 31 Nobbys Road ,Newcastle East,2300,Newcastle,Newcastle City Council,,https://newcastle.nsw.gov.au/fort-scratchley/venue-hire,,,,(02) 4974 2166
MATTINA,82 QUEEN ST ,CONCORD WEST,2138,Canada Bay,Yon Tae Yu,,https://instagram.com/mattina_concordwest?igshid=OGQ5ZDc2ODk2ZA==,,,,0493 711 691
Valley Event Services,241 BRAUNSTONE RD ,BRAUNSTONE,2460,Clarence Valley,Scott Braund,,,,,,1300 206 447
Indian coffee house and restaurant,16 beach parade ,CANTON BEACH,2263,Central Coast,SPICE WHEELS PTY LTD,83678497562.0,http://theindiancoffeehouse.com.au/,,,,(02) 4315 2100
Guzman y Gomez Oran Park,3 DUNK PL ,ORAN PARK,2570,Camden,WM MEXI.CO PTY LTD,12678559192.0,https://www.guzmanygomez.com.au/?y_source=1_MTA3MzcxMzgwMi03MTUtbG9jYXRpb24ud2Vic2l0ZQ%3D%3D,,,,(02) 7209 0450
Clarence and V,187 – 191 Lot 7 Clarence Street ,Sydney,2000,Sydney,Vito Mollica,,,,,,(02) 9316 5370
Genesian Theatre Company,2B GORDON ST ,ROZELLE,2039,Inner West,GENESIAN THEATRE COMPANY INC,73309874859.0,https://genesiantheatre.com.au/,,,,1300 237 217
Tipsy Bar,1341 BELOWRA RD ,MURRINGO,2586,Hilltops,Joanne SABIDUSSI,,,,,,
Blue Peacock Hospitality,UNIT 6 19 LYELL ST ,MITTAGONG,2575,Wingecarribee,SOHI LIFE PTY LTD,15646670288.0,https://www.mitre10.com.au/stores/nsw/mittagong-gubbins-pulbrook-mitre-10-trade-centre-785121/?utm_source=google&utm_medium=organic&utm_campaign=Google%20My%20Business&utm_content=Gubbins%20Pulbrook%20Mitre%2010%20Trade%20Mittagong%20-%20Mittagong&utm_term=plcid_3289306739380918806,,,,(02) 4860 1200
Albury Gami Chicken,454A Dean St ,ALBURY,2640,Albury,STUART FONTANA,,,,,,0457 358 801
Butcherant,"Shop G11, 74 Rawson Street ",EPPING,2121,Parramatta,BUTCHERANT EPPING RESTAURANT PTY LTD,16672850681.0,http://www.butcherant.com.au/,,,,0414 537 435
Bunsik Griffith,GRIFFIN PLAZA SHOP SP01 2 YAMBIL STREET ,GRIFFITH,2680,Griffith,BUNSIK GRIFFITH PTY LTD,85675731772.0,https://www.facebook.com/profile.php?id=61567418117505&mibextid=ZbWKwL,,,,0431 728 621
Empire Hotel,74 LOVELL ST ,YOUNG,2594,Hilltops,AMBLER-ELECTRICAL ENGINEERS PTY. LTD.,16008009916.0,,,,,(02) 6382 1665
LINDFIELD DISTRICT CRICKET CLUB INC,62A TRYON RD ,EAST LINDFIELD,2070,Ku-ring-gai,Dawn Kilkelly,,http://www.ldcc.com.au/,,,,
State Library of NSW,Macquarie Building State Library of NSW Office 1 Level 3 1 Shakespeare Place ,SYDNEY,2000,Sydney,Philip Barter,,https://www.sl.nsw.gov.au/,,,,(02) 9273 1414
Phulkari Indian Cuisine,920 MILITARY RD ,MOSMAN,2088,Mosman,Guneet Sidhu,,https://www.phulkari.com.au/,,,,(02) 9981 2234
Mingara Rebels Baseball Club Incorporated,10 De L'Isle Drive ,WATANOBBI,2259,Central Coast,Joanne Tippett,,http://www.mingara.com.au/,,,,(02) 4349 7799
S.A.W.S Fusion,133 WAGONGA ST ,NAROOMA,2546,Eurobodalla,Vanessa COLABIANCHI,,https://www.facebook.com/profile.php?id=100088479436808,,,,0402 275 076
Washoku Vaucluse,50 & 52 NEW SOUTH HEAD RD ,VAUCLUSE,2030,Woollahra,NOREN FRESH CO. PTY LTD,65622569751.0,http://washoku.com.au/,,,,0450 531 817
Boulevarde Cafe,SHOP 21A 63 THE BOULEVARDE ,TORONTO,2283,Lake Macquarie,Heather Fischer,,,,,,0410 651 017
Tessuto,32-34 & 36 YORK ST ,SYDNEY,2000,Sydney,Anthony Arienzale,,https://tessuto.sydney/?utm_source=Google&utm_medium=GMB,,,,0478 507 477
Sunset eats,20 MANNS RD ,MULLUMBIMBY,2482,Byron,SUNSET EATS PTY LTD,63670066010.0,,,,,0491 083 849
Bamiyan Restaurant Crows Nest,Unit 1/51 Albany St ,CROWS NEST,2065,North Sydney,Haseeb -ULlah MIAZAD,,https://www.bamiyanrestaurant.com.au/,,,,(02) 9319 6054
Saltbox Surry Hills,"Level 2, 399 Cleveland Street ",REDFERN,2016,Sydney,COOK & WAITER PRECINCT 1 PTY LTD,93675035186.0,https://www.saltboxvenue.com.au/,,,,(02) 9388 9653
Shoalhaven Heads/Berry Football Club,"Vic Zealand Oval, Shoalhaven Heads Road ",SHOALHAVEN HEADS,2535,Shoalhaven,Kim Leonard,,https://www.shoalhaven.nsw.gov.au/Community-and-culture/Community-facilities/Vic-Zealand-Memorial-Reserve,,,,
Seasoned,23 MILITARY RD ,WATSONS BAY,2030,Woollahra,John Sayegh,,,,,,(02) 9337 1107
Umaya,Shop 3004 Corner Park Avenue & Northcott Drive ,KOTARA,2289,Newcastle,UMAYAEP PTY LTD,27655615982.0,,,,,(02) 4954 4952
Guzman y Gomez Mosman,890 MILITARY RD ,MOSMAN,2088,Mosman,GUZMAN Y GOMEZ RESTAURANT GROUP PTY LIMITED,60123803216.0,https://www.guzmanygomez.com.au/?y_source=1_MTA3MzIyNzQ4Ni03MTUtbG9jYXRpb24ud2Vic2l0ZQ%3D%3D,,,,(02) 7209 7719
Butchers Buffet Lidcombe,"M008, 92 Parramatta Rd ",LIDCOMBE,2141,Cumberland,BUTCHERS BUFFET LIDCOMBE PTY LTD,97678819120.0,https://www.butchersbuffet.com.au/,,,,(02) 9922 4641
Kkini,"Shop RB10A, 28 Broadway ",CHIPPENDALE,2008,Sydney,KKINI PTY LTD,50677588162.0,https://www.kpos.com.au/kkini,,,,0466 554 429
Campbelltown Caspers Baseball Club,79 KELLERMAN DR ,ST HELENS PARK,2560,Campbelltown,Shaun Mitchell,,http://www.caspersbaseballclub.com/,,,,0421 234 161
Hernandos,1-11 ALISON RD ,WYONG,2259,Central Coast,HERNANDOS & CO PTY LTD,89679992039.0,http://www.hernandos.com.au/,,,,(02) 4390 3734
Foodmandu Restaurant & Bar Pty Ltd,UNIT 5 268 BEACH RD ,BATEHAVEN,2536,Eurobodalla,FOODMANDU RESTAURANT & BAR PTY LTD,50677178728.0,https://foodmandurestaurant.com.au/,,,,(02) 7209 7281
SAIBANG THAI RESTAURANT tALLAWONG,Tenancy TB.03 2 CONFERTA AV ,TALLAWONG,2762,Blacktown,PSC2013 PTY LTD,54670183052.0,https://sabiangthaitallawong.com.au/,,,,(02) 8607 9179
AYU australia Pty Ltd,61 TUGGERAWONG RD ,WYONGAH,2259,Central Coast,Shaun Eto,,,,,,
Hamilton Hawks Rugby Union Football Club,"First Floor, 22 Albert St ",WICKHAM,2293,Newcastle,Lesa Mason,,,,,,
The Sapphire Chinese Restaurant,23 BYRON ST ,INVERELL,2360,Inverell,WANGWEIHUA PTY LTD,15679160582.0,,,,,(02) 6722 2266
Kokoroya,Shop 20 11 STUDIO DR ,EASTGARDENS,2036,Bayside,Mizuho Moriya,,https://kokoroya.com.au/,,,,(02) 8529 4066
The Royal Sydney Golf Club Events Licence,Kent Road ,ROSE BAY,2029,Woollahra,Desmond Mulcahy,,http://www.rsgc.com.au/,,,,(02) 8362 7000
Betto Deli & cucina,SHOP 3 612-622 KING ST ,ERSKINEVILLE,2043,Sydney,Andrea BETTINI,,https://www.bettodeli.com.au/,,,,0490 778 807
KOMUNITI,310A THE ENTRANCE ROAD ,LONG JETTY,2261,Central Coast,Tristian Steele,,https://www.komuniti.au/,,,,0449 989 819
Tipperary Golf Club,199 SCENIC RD ,YOUNG,2594,Hilltops,Garry Cummins,,,,,,0439 455 454
Central Coast Bears Baseball,26 NEWCASTLE ST ,SPRINGFIELD,2250,Central Coast,Jason Martin,,,,,,
CROSS KEYS HOTEL,1A ELIZABETH ST ,TIGHES HILL,2297,Newcastle,CROSS KEYS HOTEL (TIGHES HILL) PTY LTD,56661654646.0,,,,,
MacKillop Baseball Club Inc,24 SECOND AV ,KINGSWOOD,2747,Penrith,John Gately,,http://www.mackillopbaseball.com.au/,,,,0406 660 881
Highlands Fusion,607 RICHARDS LANE ,JOADJA,2575,Wingecarribee,Leanne Ferreira,,,,,,
The Taste Pizza Pasta Grill,Suite R6 4 Hyde Pde ,CAMPBELLTOWN,2560,Campbelltown,SAPORE GRILL PTY LTD,61647017963.0,https://italiangrill.com.au/,,,,(02) 4656 4994
Wingboy Parramatta,"279-281 Church Street, ",PARRAMATTA,2150,Parramatta,Arik Shifroni,,https://wingboy.com.au/,,,,(02) 9128 4440
Guzman y Gomez Baulkham Hills,"Shop P02, 373-383 Windsor Road ",BAULKHAM HILLS,2153,The Hills,LAXMI NARAYANA PTY LTD,54677278312.0,https://www.guzmanygomez.com.au/?y_source=1_MTA3MzcxMzQyMy03MTUtbG9jYXRpb24ud2Vic2l0ZQ%3D%3D,,,,(02) 7209 0464
Central Coast Bars & Activations,72 PLATYPUS RD ,BERKELEY VALE,2261,Central Coast,Rodd Bailey,,http://www.centralberk.com/,,,,0490 354 954
RESUNGA CAFE,972 VICTORIA RD ,WEST RYDE,2114,Ryde,SRINI BHANDARI PTY LTD,16664345233.0,https://resunga.com.au/,,,,0416 645 165
MZ Restaurant,16-18 OGILVIE ST ,DENMAN,2328,Muswellbrook,Elena Suess,,,,,,(02) 6547 2157
Tamon Sushi Bar,"T N83.RT11, MARTIN PLACE METRO, 3 ELIZABETH ST ",SYDNEY,2000,Sydney,BOSS HN PTY LTD,21670839031.0,http://www.tamonsushibar.com/,,,,
HongKong chef Macarthur,Shop C006-007 200 Gilchrist Drive ,Campbelltown,2560,Campbelltown,CHINA DUMPLING CITY PTY LTD,90667929955.0,https://www.8figuresfandb.com/ordering/restaurant/menu?company_uid=d517f958-7145-49a4-be04-3ceefb97ce4d&restaurant_uid=69551c44-2bfa-4cd1-97a2-eb3cc92afde8&facebook=true,,,,0489 065 744
IZAKAYA Wasshoi,107 TALBRAGAR ST ,DUBBO,2830,Dubbo Regional,Yuto IKETANI,,https://www.facebook.com/profile.php?id=61560639330481&mibextid=LQQJ4d,,,,(02) 5805 0095
Star India Cuisine,114 PENDLE WAY ,PENDLE HILL,2145,Cumberland,STAR INDIA CUISINE PTY LTD,31661104463.0,,,,,0422 306 777
Carmela Nonna Of Piccolina,2C CROSS ST ,DOUBLE BAY,2028,Woollahra,Dianah Todaro,,,,,,(02) 8201 3251
Mizuki Japanese Restaurant,SHOP 2 653 OLD SOUTH HEAD RD ,ROSE BAY,2029,Waverley,FOODY SMILE PTY LTD,39675388584.0,http://mizukijapanese.com.au/,,,,(02) 8385 6933
KOREAN BBQ TOWN,SHOP 1031 LEVEL 1 30 PEARSON ST ,CHARLESTOWN,2290,Lake Macquarie,HANOK PTY LTD,,,,,,0468 373 093
The Salmon Merrylands Pty Ltd,Tenancy C.06 249 Merrylands Road ,MERRYLANDS,2160,Cumberland,THE SALMON MERRYLANDS PTY LTD,67672892652.0,https://www.zagseafood.com.au/,,,,(02) 9682 3182
Bistro Penny,8-10 BOLTON ST ,NEWCASTLE,2300,Newcastle,Amy Evans-bird,,https://www.bistropenny.com.au/,,,,
Modern BBQ,466 ANZAC PDE ,KINGSFORD,2032,Randwick,MODERN BBQ PTY LTD,69661048371.0,,,,,(02) 9971 6441
Smoked on Depot,21 DEPOT RD ,DUBBO,2830,Dubbo Regional,Bart Shanks,,https://www.smokedondepot.com.au/,,,,0428 250 775
Embers In The Village,UNIT 4 239 WINDANG RD ,WINDANG,2528,Wollongong,Abhishek Jain,,https://www.embersinthevillage.com/,,,,(02) 4210 9291
Dopa Donburi & Milk Bar Chatswood,"SHOP B-033, CHATSWOOD CHASE, 345 VICTORIA AVE, ",CHATSWOOD,2067,Willoughby,Yih Puah,,https://www.dopa.com.au/,,,,0458 877 853
Madame Thai Restaurant,SUITE 3 33 TERMINUS ST ,CASTLE HILL,2154,The Hills,PEAK THAI PTY LTD,54678198984.0,http://www.madamethai.com.au/,,,,0432 580 888
Elliotts at Oakvale,1596 BROKE RD ,POKOLBIN,2320,Cessnock,PLONKING PTY LTD,91678224158.0,,,,,0433 914 856
Bingara Gorge Country Club Hotel,"Ground Floor, 50 The Irons Drive ",WILTON,2571,Wollondilly,Feros Hotel Group Pty Limited,23608006060.0,https://bingaragorgegolfcourse.com.au/,,,,0438 157 029
Burger Club Lounge,84 MACQUARIE ST ,DUBBO,2830,Dubbo Regional,Pratap Dey Sarkar,,https://www.burgerclublounge.com.au/,,,,(02) 5818 5696
pizza D’oro,SUITE 1 56-62 CHANDOS ST ,ST LEONARDS,2065,Willoughby,Vincenzo Capozzi,,http://pizzadoro.au/,,,,(02) 9439 3548
Harry Jacks Brewing Co,5492 WATERFALL WAY ,FERNBROOK,2453,Bellingen,HARRY JACKS BREWING CO,15666455732.0,,,,,
Yum Cha Project,"T3, GROSVENOR PLACE, 205-227 GEORGE ST, ",THE ROCKS,2000,Sydney,KOKORO MAZESOBA GEORGE STREET PTY LTD,54685968067.0,,,,,
Granata's,G5/5 G6/5 Gladestone Street ,MERRYLANDS,2160,Cumberland,Luigi Granata,,https://granatas.com.au/%20%20https://granatasmerrylands.mobi-booking.com/,,,,(02) 7813 5992
Chillingham Store Catering,1374 NUMINBAH RD ,CHILLINGHAM,2484,Tweed,Gary Lees,,https://www.facebook.com/thechillinghamstore/,,,,(02) 6679 1201
The Growers By Ponte,131 GREENWELL POINT RD ,WORRIGEE,2540,Shoalhaven,SHOALHAVEN EX-SERVICEMEN'S CLUB LTD,81000845358.0,https://www.thegrowersbyponte.com.au/,,,,(02) 4408 3033
Nikkita,SHOP 2 43-45 NORTH STEYNE ,MANLY,2095,Northern Beaches,NIKKITA GROUP PTY LTD,,http://www.nikkitamanly.com.au/,,,,0494 321 985
Alice Dumpling Bar,SHOP 1 43-45 NORTH STEYNE ,MANLY,2095,Northern Beaches,Lishan Cai,,,,,,(02) 9977 0887
CEDAR MILL HOSPITALITY PTY LTD,c601/c602 19 Honeysuckle Drive ,NEWCASTLE,2300,Newcastle,CEDAR MILL HOSPITALITY PTY LTD,27653252316.0,http://cedarmillproductions.com.au/,,,,(02) 9056 3302
Silver Pantry Catering,6 EDWARD ST ,NARRAWEENA,2099,Northern Beaches,Nick Tassone,,http://www.silverpantry.com.au/,,,,0411 607 999
Khufu,SHOP 2 5 HONEYSUCKLE DR ,NEWCASTLE,2300,Newcastle,Moustafa Eid,,,,,,
Bungendore rlfc,1 GIBRALTAR ST ,BUNGENDORE,2621,Queanbeyan-Palerang Regional,Loren Nelson,,https://www.bungendorerfs.org/,,,,(02) 6238 1292
tennessee tucker,4 MAIN ST ,CUDAL,2864,Cabonne,Jacqualyn Fowler,,http://www.tennesseetucker.com.au/,,,,0404 125 548
Pink Elephant,UNIT 2 11 PRINCE OF WALES AVENUE ,SOUTH WEST ROCKS,2431,Kempsey,Adrian Molnar,,https://instagram.com/pink_elephant_coffee_and_deli?igshid=YmMyMTA2M2Y=,,,,
Precision Golf Cromer,11 4-8 INMAN RD ,CROMER,2099,Northern Beaches,PRECISION GOLF BROOKVALE PTY LTD,75658257160.0,https://www.precisiongolf.com.au/driving-range-sydney/,,,,(02) 9417 0252
the Farmers Table,SHOP 2 42 COLLINS ST ,KIAMA,2533,Kiama,Alan SMITH,,https://www.farmerstable.com.au/,,,,(02) 4232 1214
Cafe On Single,46 SINGLE ST ,WERRIS CREEK,2341,Liverpool Plains,Kylie Barrett,,http://cafeonsingle.com.au/,,,,(02) 6768 7089
Alchemy Woodfired Pizza Pty Ltd,2360 GREAT WESTERN HWY ,LITTLE HARTLEY,2790,Lithgow,Natasha Antoun,,https://www.alchemypizza.com.au/,,,,(02) 6355 2056
Events Reimagined,555 SCHUBACH ST ,EAST ALBURY,2640,Albury,Anna Hosking,,http://www.barlens.com.au/,,,,(02) 6043 0605
Deniliquin Rhinos Cricket Club Inc,"Memorial Drive, Memorial Park ",DENILIQUIN,2710,Edward River,Anthony Bradley,,http://facebook.com/denirhinoscc/,,,,
Guzman y Gomez Umina,279 WEST ST ,UMINA BEACH,2257,Central Coast,GYG UMINA PTY LTD,34676723372.0,https://www.guzmanygomez.com.au/?y_source=1_MTA0ODg3NzQ5OC03MTUtbG9jYXRpb24ud2Vic2l0ZQ%3D%3D,,,,(02) 9733 8364
Grounded Cafe,SHOP 53/197 BEARDY ST ,ARMIDALE,2350,Armidale Regional,Natalia Broadhead,,,,,,0488 426 392
Calabrisella Pizzeria,UNIT 8 114A QUAY RD ,CALLALA BEACH,2540,Shoalhaven,Antonella Nostro,,https://bookings.wowapps.com/make-booking/calabrisellawoodfire?src=link,,,,(02) 4402 7456
Hissy Fits Cafe,457 PEEL ST ,TAMWORTH,2340,Tamworth Regional,BEARDED COLLECTIVE PTY LTD,65671077848.0,http://hissyfits.com.au/,,,,
Moravia Park Events,423 WILDERNESS RD ,LOVEDALE,2325,Cessnock,MORAVIA PARK EVENTS PTY LTD,37674734457.0,http://www.moraviapark.com.au/,,,,
PFC Orange,"Shop 15, 9 Telopea Way ",ORANGE,2800,Orange,JULIA WITH PETE PTY LTD,69665122234.0,https://pfcorange.com/,,,,0491 729 910
Lulu's Cafe,Shop 7 & 8 104 Dalley Street ,MULLUMBIMBY,2482,Byron,Shani El-Khodr,,http://www.lulus-cafe.com.au/,,,,(02) 6684 2415
The Grand Pavilion Umina Beach,UNIT 2 241 WEST ST ,UMINA BEACH,2257,Central Coast,SERENE FOODS PTY LTD,63667295534.0,,,,,(02) 4343 1179
PHUKET CHARM,32 BELGRAVE ST ,MANLY,2095,Northern Beaches,OTIS DESSERT PTY LTD,73669410851.0,https://phuketcharmthairestaurant.com.au/,,,,(02) 8040 1773
more please eats,23 TRAMORE PL ,KILLARNEY HEIGHTS,2087,Northern Beaches,Jason Oborn,,https://www.killarneypizzatapaswinebar.com/,,,,(02) 8590 5131
Roti Pies,1481 PITTWATER RD ,NORTH NARRABEEN,2101,Northern Beaches,John Farrow,,https://www.rotipies.com/,,,,0412 629 508
Cut Snake Distillery,37 BROADWAY ,BURRINGBAR,2483,Tweed,CUT SNAKE DISTILLERY PTY LTD,12648476591.0,https://www.cutsnakedistillery.com/,,,,0413 774 756
Scone Willow Tree Hotel,134-136 Kelly Street ,SCONE,2337,Upper Hunter,Ross Robson,,,,,,(02) 6545 9552
Ocean Project Cafe Restaurant,161-165 SUMMER ST ,ORANGE,2800,Orange,Pooja PRADHAN,,https://www.oceanprojectcaferestaurant.com.au/,,,,(02) 5310 6437
Tombo Mullum,Unit 3 16-18 TOWERS DR , Mullumbimby,2482,Byron,TIMOTHY PARSONAGE,,https://www.facebook.com/tombobyronbay/,,,,(02) 6684 6167
Cafe Aglio e Olio,1 WELCOME ST ,PARKES,2870,Parkes,Caterina Murda,,,,,,(02) 6862 2229
Eugowra Rugby League Football Club,2 NANIMA ST ,EUGOWRA,2806,Cabonne,David Norris,,https://www.cabonne.nsw.gov.au/,,,,(02) 6392 3200
Nepalese And Indian Restaurant Armidale,100 JESSIE ST ,ARMIDALE,2350,Armidale Regional,Keshav Timalsena,,https://naira.com.au/menu/,,,,0434 859 198
two brown men,130 KINGHORNE ST ,NOWRA,2541,Shoalhaven,Ayush CHOPRA,,https://twobrownmen.com.au/,,,,(02) 4402 7870
yellow Flower Pty Ltd,9-13 CLIFFORD ST ,SUFFOLK PARK,2481,Byron,MARTIN ORLANDO,,http://www.yellowflowerindian.com/,,,,(02) 6680 7163
Magpies Baseball Club Incorporated,10 De L’isle Drive ,WATANOBBI,2259,Central Coast,Fiona Anderson,,,,,,
Sensei Sushi North Curl Curl,UNIT 3 64-68 PITT RD ,NORTH CURL CURL,2099,Northern Beaches,Jose Luis GALLARDO GARRIDO,,http://www.senseisushi.com.au/,,,,0430 551 372
Wyong Wildcats Baseball Club Inc,10 DE L'ISLE DR ,WATANOBBI,2259,Central Coast,Nathan CORRIGAN,,,,,,
Meats and Greet BBQ,"Shop T12B, 143 Terralong Street ",KIAMA,2533,Kiama,MEATS AND GREET BBQ PTY. LTD.,20671132219.0,https://www.meatsandgreetbbq.com.au/,,,,(02) 4232 2641
Puglia Pasta Bar,12/23 JONSON ST ,BYRON BAY,2481,Byron,Joshua Wheatley,,http://www.pugliapastabar.com.au/,,,,(02) 6680 3569
Wallsend maryland tigers RLFC,2-10 GRANGE AV ,MARYLAND,2287,Newcastle,Lincoln Moodie,,,,,,0404 210 018
Royal Indian Restobar,888 HUNTER ST ,NEWCASTLE WEST,2302,Newcastle,Manoj Roy,,https://www.royalindianrestobar.com.au/,,,,(02) 4041 2616
Largs Football Club,11 PARSLEY RD ,CHISHOLM,2322,Maitland,Michael Gordon,,https://largsthistle.info/,,,,
Chopstix House Albury Pty Ltd,UNIT 8 11 VOLT LANE ,ALBURY,2640,Albury,CHOPSTIX HOUSE ALBURY PTY LTD,72645253390.0,http://chopstixhouse.com.au/,,,,0421 373 920
Borella Seafood,634 ELECTRA ST ,EAST ALBURY,2640,Albury,Jamie Male,,https://www.borellaseafood.com.au/,,,,(02) 6021 6997
menya makoto,SHOP 1 301 HUNTER ST ,NEWCASTLE,2300,Newcastle,Yuki Doi,,http://www.menyamakoto.com.au/,,,,0493 522 200
Tintenbar East Ballina Football Club Incorporated,33 Power Drive ,CUMBALUM,2478,Ballina,Steven Wilson,,https://ballina.nsw.gov.au/,,,,1300 864 444
Googong Hotel,"LOT 3, GLENROCK DRIVE, ",GOOGONG,2620,Queanbeyan-Palerang Regional,GLENROCK DRIVE PTY LTD,,http://www.hotelqueanbeyan.com.au/,,,,(02) 6297 3299
Tumbarumba Rugby League Football Club,Corner Lauder St & The Parade ,TUMBARUMBA,2653,Snowy Valleys,Casey Lynch,,,,,,0428 735 356
Panela Cafe,306 PEEL ST ,TAMWORTH,2340,Tamworth Regional,Christopher Roach,,http://panela.cafe/,,,,0407 473 046
Papas Bagels,UNIT 12 569 HUNTER ST ,NEWCASTLE WEST,2302,Newcastle,Johnathon Quinn,,http://www.papasbagelbar.com.au/,,,,(02) 4023 7307
St Georges Basin Senior Rugby League Club,8 PARADISE BEACH RD ,SANCTUARY POINT,2540,Shoalhaven,Renae Sanson,,http://basinfc.com/,,,,0449 238 248
Paradise Golf,T3/92 Centennial Circuit ,BYRON BAY,2481,Byron,Christopher MUIRHEAD,,https://paradisegolf.com.au/,,,,
2024 Moree Show Society functions,25 MCELHONE ST ,MOREE,2400,Moree Plains,Jacqueline Towns,,,,,,
Taste of Lanzhou by Lee's Kitchen,89 Park Avenue ,KOTARA,2289,Newcastle,Choo Boon Tan,,https://tasteoflanzhoukotara.com.au/order-now,,,,(02) 4943 4424
Mehfil Indian Restaurant,768 PACIFIC HWY ,GORDON,2072,Ku-ring-gai,Gurjit Bhele,,https://mehfilindian.com.au/,,,,(02) 9498 7122
Guzman Y Gomez Tighes Hill,110 ELIZABETH ST ,TIGHES HILL,2297,Newcastle,Luke Gilmour,,https://www.guzmanygomez.com.au/?y_source=1_MTA0MzkzOTk4OC03MTUtbG9jYXRpb24ud2Vic2l0ZQ%3D%3D,,,,(02) 4622 9337
Martina Pizzeria,51-55 O'SULLIVAN RD ,ROSE BAY,2029,Woollahra,MARTINA PIZZERIA PTY LTD,68644139686.0,https://www.martinarosebay.com.au/,,,,(02) 3815 0728
Little Luna Cafe,UNIT 2 112 TERRIGAL ESP ,TERRIGAL,2260,Central Coast,LITTLE LUNA CAFE PTY LTD,44656328853.0,,,,,0421 990 319
The Indian Town,323 HIGH ST ,MAITLAND,2320,Maitland,CHAUDHARY FOOD & INVESTMENTS PTY LTD,73635512766.0,https://theindiantown.com.au/,,,,(02) 4933 4363
Laurieton Hotel Stingrays R.L.F.C. (Inc),29 LAKE ST ,LAURIETON,2443,Port Macquarie-Hastings,Racheal Hogan,,https://www.laurietonhotel.com.au/,,,,(02) 6559 9004
Croudace Bay United Football Club,73 FLORAVILLE RD ,FLORAVILLE,2280,Lake Macquarie,Chad Mccarter,,https://www.lakemac.com.au/page.aspx?pid=178&vid=21&dcid=257&dconid=1687&dpt=Details,,,,0422 407 217
Dougie Baby.,UNIT 1 120-122 NARRABEEN PARK PDE ,WARRIEWOOD,2102,Northern Beaches,Douglas Lincoln,,http://www.babybrands.com.au/,,,,(02) 8911 0642
Lucetta Dining,211-213 LORDS PL ,ORANGE,2800,Orange,LUCETTA DINING PTY LTD,30671868214.0,https://www.lucettadining.com/,,,,(02) 6365 3603
XGolf Port Macquarie,Unit 1/58 URALLA RD , PORT MACQUARIE,2444,Port Macquarie-Hastings,PCEV PTY LTD,27667891554.0,https://www.xgolf.com.au/port-macquarie,,,,(02) 7254 3041
MHY PTY LTD,11 REDLEAF AV ,WAHROONGA,2076,Ku-ring-gai,SUSHI HOUSE GROUP PTY LTD,21636213502.0,https://m.facebook.com/Blue-Lemon-Sushi-960625300614150/,,,,(02) 9489 7715
The Globe,116 WALLENDOON ST ,COOTAMUNDRA,2590,Cootamundra-Gundagai Regional,Radhika Burgess,,http://globe-hotel-cootamundra.jany.io/,,,,(02) 6942 1446
Colosseum Pizza & Ribs - Bowral,"Shop 1, 347 Bong Bong Street ",BOWRAL,2575,Wingecarribee,MUZZBRIE PTY LTD,38612070318.0,http://www.bowralpizza.com.au/,,,,(02) 4861 4545
Guzman y Gomez Tuggerah,10-12 ANZAC RD ,TUGGERAH,2259,Central Coast,TUGGERAH DT PTY LTD,42663748007.0,https://www.guzmanygomez.com.au/?y_source=1_MTA0ODg3NzE1OC03MTUtbG9jYXRpb24ud2Vic2l0ZQ%3D%3D,,,,(02) 4312 5502
Narrandera Imperial Football & Netball Club,2-32 VICTORIA AV ,NARRANDERA,2700,Narrandera,Dean ODGERS,,,,,,
The Curve Thai Restaurant,UNIT 4 850 HUNTER ST ,NEWCASTLE WEST,2302,Newcastle,APBL PTY LIMITED,31669946105.0,https://www.thecurvethai.com.au/%22,,,,(02) 4939 7899
Indian Experience,UNIT 2 19 ANZAC RD ,TUGGERAH,2259,Central Coast,NAMDEV ENTERPRISES PTY LTD,96671544979.0,https://indianexperience.com.au/,,,,(02) 4353 3835
Bermagui Breakers Australian Rules Football Club,2 WALLAGA ST ,BERMAGUI,2546,Bega Valley,Timothy Holdsworth,,,,,,
Zeus Street Greek Green Hills,"SHOP 2044, 1 MOLLY MORGAN DRIVE, ",EAST MAITLAND,2323,Maitland,ZSG GREENHILLS PTY LTD,89671515718.0,https://zeusstreetgreek.com.au/store-location/maitland-green-hills/?utm_content=Zeus+Street+Greek+Maitland+Green+Hills+-+East+Maitland&utm_campaign=Google+My+Business&utm_medium=organic&utm_source=google&utm_term=plcid_16776899749176733384,,,,(02) 4086 3964
La Boujee Bar,7 LISA AV ,TERRIGAL,2260,Central Coast,SHIRE SHUTTLE BUS PTY LTD,77603430655.0,,,,,
Sushi Hub Bateau Bay,Shop 106-107 12 Bay Village Road ,BATEAU BAY,2261,Central Coast,BATEAU BAY FRESH FOOD PTY LTD,56606028620.0,http://sushihub.com.au/,,,,(02) 4334 7755
Flame On,"365 HUNTER ST, ",NEWCASTLE,2300,Newcastle,BUSAN FOOD CO PTY LTD,59670441022.0,https://theflameon.com/,,,,0402 662 076
Tweed Coast Tigers AFC,12 ROUND MOUNTAIN RD ,BOGANGAR,2488,Tweed,Andrew Ryan,,https://www.tweedcoasttigers.com/,,,,0488 012 929
Little Castro Catering,3 ASHFORD PDE ,MEREWETHER HEIGHTS,2291,Newcastle,LITTLE CC PTY LTD,14660943224.0,,,,,
Fei Jai Rose Bay,Shop 21 9-23 Plumer Road ,Rose Bay,2029,Woollahra,FEI JAI SYDNEY PTY LTD,31649890942.0,https://feijai.com/,,,,(02) 7901 9859
Lo Buono wines,8 ARTHUR PL ,FORRESTERS BEACH,2260,Central Coast,Stefano Lo Buono,,,,,,
Forbes Magpies Rugby League Club,6-8 THELMA ST ,FORBES,2871,Forbes,Matthew Jack,,http://www.forbesrugbyclub.com.au/,,,,
Birds of Kin Ltd,Unit 3 16 Gipps Street ,CARRINGTON,2294,Newcastle,Darren Fogarty,,,,,,
TANDOORI EXPRESS,3-4/122 Crawford Street ,QUEANBEYAN,2620,Queanbeyan-Palerang Regional,Parmjeet Singh .,,https://www.tandooriexpressqueanbeyan.com.au/,,,,(02) 6232 9435
The Table No. 2,SHOP 2 110 HIGH ST ,EAST MAITLAND,2323,Maitland,John Riel Villajin,,,,,,0492 953 692
Smokey Mary BBQ – Restaurant,60 MAY RD ,NARRAWEENA,2099,Northern Beaches,SMOKEY MARY RESTAURANT PTY LTD,37666218042.0,http://smokeymarybbq.com.au/,,,,(02) 8542 5381
Rylstone Kandos Show Society Inc.,21 CUDGEGONG ST ,RYLSTONE,2849,Mid-Western Regional,Peter Hatfield,,https://www.midwestern.nsw.gov.au/Community/Recreation/Showgrounds/Rylstone-Showground,,,,(02) 6378 2850
Valentine Football Club,14 PARKLEA AV ,CROUDACE BAY,2280,Lake Macquarie,David Slee,,https://www.vefc.com.au/,,,,
Twenty74 Restaurant,"SHOP 2, 1 NORMURRA AVE, ",NORTH TURRAMURRA,2074,Ku-ring-gai,Janak Giri,,https://twenty74.com.au/,,,,(02) 8034 1584
Urban Bar and Grill,121-131 MONARO ST ,QUEANBEYAN,2620,Queanbeyan-Palerang Regional,NJ FOODS PTY LTD,47663195668.0,http://urbanbargrill.com.au/,,,,(02) 6284 3924
Bella Ma,UNIT 2 18 MARKET ST ,WOOLGOOLGA,2456,Coffs Harbour,Julian NICHOLLS,,https://bellama.com.au/,,,,0422 022 219
Gold Panner Motor Inn,260 SYDNEY RD ,KELSO,2795,Bathurst Regional,Quan Duong,,http://www.bathurstgoldpannermotorinn.com.au/,,,,(02) 6331 4444
Leeton Show Society,66 ACACIA AV ,LEETON,2705,Leeton,William Aliendi,,,,,,(02) 6953 2213
Thai Space,"16, 207-209 Ocean View Road ",ETTALONG BEACH,2257,Central Coast,Natalino Cecire,,https://www.thaispaceettalong.com.au/,,,,(02) 4341 8896
Cafe Ahbo,77-79 TUMUT ST ,ADELONG,2729,Snowy Valleys,B & L MELLEN PTY LTD,21669836337.0,,,,,(02) 6946 1500
Broulee Brewhouse Catering,71 Coronation Drive ,BROULEE,2537,Eurobodalla,BROULEE BREWHOUSE PTY LTD,,http://www.brouleebrewhouse.com.au/,,,,0460 885 763
Yody,SHOP 2 47 BAYLIS ST ,WAGGA WAGGA,2650,Wagga Wagga,RUSSELL PEARSON,,http://yody.au/,,,,0432 879 759
Soul of seoul pty ltd,Shop 3 & 4 15 Chancellors Dr ,Thrumster,2444,Port Macquarie-Hastings,SOUL OF SEOUL PTY LTD,46666292235.0,https://www.facebook.com/profile.php?id=100095077658661,,,,(02) 5514 9540
Newcastle City & Eastern Districts Cricket Club,53 PARRY ST ,NEWCASTLE WEST,2302,Newcastle,Callan Fowler,,https://www.newcastlecricketacademy.com/,,,,0477 322 769
Bluebird cafe & bar,37-41 CLIFFORD ST ,GOULBURN,2580,Goulburn Mulwaree,Rajan Gurung,,https://bookings.wowapps.com/make-booking/bluebirdcafebar?src=web,,,,(02) 4821 1577
BUFFALO CHARGRILL,193-199 PACIFIC HWY ,CHARMHAVEN,2263,Central Coast,Manpreet Singh,,https://buffalochargrill.com.au/,,,,(02) 4313 1878
Liquid Gold Beach Cafe,UNIT 102 61 SHORTLAND ESP ,NEWCASTLE,2300,Newcastle,Anthony Hicks,,,,,,0478 137 357
Talay Thai Kingscliff,SHOP 10/60 MARINE ,KINGSCLIFF,2487,Tweed,Pattama Tansacha,,,,,,(02) 5602 2095
I Gladiatori Osteria Romana,1-3 Moore Road ,FRESHWATER,2096,Northern Beaches,Giacomo Orlandi,,https://igladiatori.com.au/,,,,(02) 8287 3399
COOKABREW,"Shop A3,A4/357 Ocean Beach Road ",UMINA BEACH,2257,Central Coast,CHOKE DEE PTY. LTD.,22653644350.0,,,,,(02) 4309 2250
Rubony’s Cafe,79 PRINCE ST ,GRAFTON,2460,Clarence Valley,Bonita Meaney,,,,,,0488 076 728
CAFE&TANDOORI,UNIT 1 22 TOALLO ST ,PAMBULA,2549,Bega Valley,Rajinder singh Sidhu,,https://www.cafetandoori.com/,,,,(02) 6409 5723
Lanitza BGE,10 EAST LANITZA RD ,LANITZA,2460,Clarence Valley,Megan Hodder,,http://lanitza-bge.square.site/,,,,(02) 6619 1231
Alloggio Hotels Pty Ltd,840 HUNTER ST ,NEWCASTLE WEST,2302,Newcastle,ALLOGGIO HOTELS PTY LIMITED,,https://newcastlestays.com.au/,,,,(02) 4047 9987
Beud Korean & Japanese Restaurant,360A HIGH ST ,MAITLAND,2320,Maitland,Hee LIM,,https://order.online/business/beud-korean-898905,,,,(02) 4933 2383
Polar Bear of Leura,137 Leura Mall ,LEURA,2780,Blue Mountains,THE BLU EST. 2023 PTY LTD,34664580278.0,http://www.polarbearofleura.com.au/,,,,(02) 4760 8683
Blanca Honeysuckle,UNIT 2 11 HONEYSUCKLE DR ,NEWCASTLE,2300,Newcastle,Melissa Risteski,,http://www.blancahoneysuckle.com.au/,,,,(02) 4942 6942
soul 1 korean BBQ,253 pacific highway ,COFFS HARBOUR,2450,Coffs Harbour,1199 PTY LTD,51655862767.0,,,,,(02) 6651 7685
Mackay Family Estate & Catering,10 FREDERICK ST ,OURIMBAH,2258,Central Coast,Michael Mackay,,http://mackayfamilyestate.com/,,,,0412 621 765
Jjindakk Korean Fried Chicken,UNIT 1 50 BEAUMONT ST ,HAMILTON,2303,Newcastle,ANJUNA FOOD SERVICES PTY LTD,78661811874.0,https://www.instagram.com/jjindakk/,,,,0478 576 725
Newy Fried Chicken Pop Up Diner,SHOP 3/127-129 LAMBTON ,BROADMEADOW,2292,Newcastle,Nicholas Brady,,http://www.newyfriedchicken.com/,,,,0460 622 559
Bootleg Dining,UNIT 3 108 WILLIAM ST ,BATHURST,2795,Bathurst Regional,Kimberly Connors,,https://bootlegdining.com.au/,,,,(02) 6337 2697
The Whisky Experience,30 HAMILTON ST ,ROSE BAY,2029,Woollahra,Ben Kresner,,,,,,
Splash Cafe,1 NORMAN ST ,LAKE CONJOLA,2539,Shoalhaven,Theresa Clark,,,,,,
Rice&Nori Manly,UNIT 2 38-42 THE CORSO ,MANLY,2095,Northern Beaches,G&B INFINITY INVESTMENTS PTY LTD,93663940627.0,https://riceandnori.com.au/,,,,0426 821 665
DAS MELZER,116 HOSKINS ST ,TEMORA,2666,Temora,Joshua Hegarty,,,,,,
Applejack Catering,9 ADELAIDE ST ,BALGOWLAH HEIGHTS,2093,Northern Beaches,APPLEJACK HOSPITALITY SERVICES PTY LTD,,http://www.carlymay.com.au/,,,,(02) 7202 6806
Gwydir River Run INC. - Lachlan Starr,1 BOWEN ST ,BINGARA,2404,Gwydir,Lachlan Starr,,http://gwydir.nsw.gov.au/,,,,(02) 6724 2000
Black Sheep Restaurant,"Tenancy 1B, 62 Cylinders Drive ",KINGSCLIFF,2487,Tweed,RAW GROUP STAFFORD PTY LTD,,http://www.blacksheepbottleshop.au/,,,,(02) 6674 5995
Delish Cafe and Thai Restaurant,86 VINCENT ST ,CESSNOCK,2325,Cessnock,Kamonchanok Luengcharoennukul,,https://www.delishthaicessnock.com.au/,,,,(02) 4024 1166
Mudgee Concierge,17 MARSHFIELD LANE ,MUDGEE,2850,Mid-Western Regional,Lisa Austin,,,,,,
Mare Sole,59-61 THE CORSO ,MANLY,2095,Northern Beaches,MARE SOLE PTY LTD,76161323799.0,https://www.casasoleil.com.au/,,,,0483 931 107
Murwillumbah Football Club,35 MOOBALL ST ,MURWILLUMBAH,2484,Tweed,Brent Mccloy,,https://mfcwarning.com.au/,,,,
The Zest's Garden Thai Cuisine,SHOP 3 54 GARDEN ST ,NORTH NARRABEEN,2101,Northern Beaches,Siriwong Leelawong,,https://www.thezestsgarden.com.au/,,,,(02) 9913 9211
Miquette,SHOP 4 214 HARBOUR DR ,COFFS HARBOUR,2450,Coffs Harbour,Edouard Deschamps,,http://www.miquette.com.au/,,,,(02) 5606 1661
Harvest HQ,2 TRANTER PL ,GRIFFITH,2680,Griffith,Carrah Lymer,,https://harvesthq.com.au/,,,,
Guzman y Gomez Dubbo,1 Shop 1 SPITFIRE DR ,Dubbo,2830,Dubbo Regional,JACK AND PORJ'S TACOS PTY LTD,,https://www.guzmanygomez.com.au/?y_source=1_MTAxMTEyMjEyNC03MTUtbG9jYXRpb24ud2Vic2l0ZQ%3D%3D,,,,(02) 4622 9336
Bumpy Road Catering and Events,4 BURRANDOOL AV ,BANGALEE,2541,Shoalhaven,Jackson Dinnie,,,,,,
Bomaderry Cricket Club,84 CAMBEWARRA RD ,BOMADERRY,2541,Shoalhaven,Kealen Blattner,,https://bomaderrypickleballclub.com.au/,,,,
Kapoor's kitchen Indian Restaurant,128 ELDER ST ,LAMBTON,2299,Newcastle,Jaswinder Singh,,https://www.kapoorskitchen.com.au/,,,,(02) 4957 5980
Oak on kendal,5 KENDAL ST ,COWRA,2794,Cowra,OAK HOSPITALITY PTY LTD,89661609418.0,https://www.facebook.com/share/19jncAD7Y9/?mibextid=wwXIfr,,,,0475 440 700
