Name,Address,Suburb,Postcode,LGA,Licensee,Licensee ABN,Facebook Link,Instagram link,Email Address,Additional Email,Phone Number
Barrelhouse Catering,60 BINBURRA AV ,AVALON BEACH,2107,Northern Beaches,PROPERTY YORK PTY LTD,87153933361.0,http://www.theboathousegroup.com.au/,"More emails: media@theboathousegroup.com.au, northwollongong@theboathousegroup.com.au, 5440info@theboathousegroup.com.authe, accommodation@theboathousehotelpatonga.com.au, patonga@theboathousegroup.com.au, events@theboathousegroup.com.au, accommodation@barrenjoeyhouse.com.au, 5440info@theboathousegroup.com.auweddings, 5440events@theboathousegroup.com.aumedia, reservations@barrenjoeyhouse.com.au, 5440info@theboathousegroup.com.aumanly, 5440media@theboathousegroup.com.authe, 2004rosebay@theboathousegroup.com.authe, accommodation@theboathousehotelpatonga.com.aubarrenjoey, accommodation@barrenjoeyhouse.com.authe, reservations@manlypavilion.com.au, rosebay@theboathousegroup.com.au, info@theboathousegroup.com.au, 2041reservations@manlypavilion.com.authe, 1111patonga@theboathousegroup.com.au",7309northwollongong@theboathousegroup.com.au,4001reservations@barrenjoeyhouse.com.au,(02) 9974 5440
Freshwater Brewing Company PTY LTD,16A LAWRENCE ST ,FRESHWATER,2096,Northern Beaches,Thomas Bruce,,https://freshwaterbrewing.com.au/pages/freshie-locale,,bookings@freshwaterbrewing.com.au,,0413 373 525
Vesper Cocktail Catering,22 KALEMAJERE DR ,SUFFOLK PARK,2481,Byron,PASCAL STOETZEL,,http://vespercatering.com/,,vesper.catering@gmail.comsend,,0476 799 596
Lena’s Cafe & Bar,444 THE ESPLANADE ,WARNERS BAY,2282,Lake Macquarie,BH & MZ HOLDING PTY LTD,55663782965.0,http://www.lenascafebar.com.au/,,welcome@lenascafebar.com.au,,(02) 4965 7171
Boat House CASA Palm Beach,1186 BARRENJOEY RD ,PALM BEACH,2108,Northern Beaches,George McLean,,http://www.theboathousegroup.com.au/palmbeach,"More emails: media@theboathousegroup.com.au, northwollongong@theboathousegroup.com.au, 5440info@theboathousegroup.com.authe, accommodation@theboathousehotelpatonga.com.au, patonga@theboathousegroup.com.au, events@theboathousegroup.com.au, accommodation@barrenjoeyhouse.com.au, 5440info@theboathousegroup.com.auweddings, 5440events@theboathousegroup.com.aumedia, reservations@barrenjoeyhouse.com.au, 5440info@theboathousegroup.com.aumanly, 5440media@theboathousegroup.com.authe, 2004rosebay@theboathousegroup.com.authe, accommodation@theboathousehotelpatonga.com.aubarrenjoey, accommodation@barrenjoeyhouse.com.authe, reservations@manlypavilion.com.au, rosebay@theboathousegroup.com.au, info@theboathousegroup.com.au, 2041reservations@manlypavilion.com.authe, 1111patonga@theboathousegroup.com.au",7309northwollongong@theboathousegroup.com.au,4001reservations@barrenjoeyhouse.com.au,(02) 9974 5440
Conservation Hut,92 FLETCHER ST ,WENTWORTH FALLS,2782,Blue Mountains,2773 PTY LIMITED,82166193568.0,https://www.conservationhutcafe.au/?utm_content=Conservation%20Hut%20Cafe%20(Under%20New%20Management)%20-%20Wentworth%20Falls&utm_campaign=Google%20My%20Business%20Page&utm_medium=organic&utm_source=google&utm_term=plcid_12827591482958051294,,info@conservationhutcafe.au,,(02) 4711 0110
Swiss Deli Cafe,Unit 1 / 146 Old Pittwater Road ,BROOKVALE,2100,Northern Beaches,MEREMINT PTY. LIMITED,,http://www.swissdeli.com.au/,,info@swissdeli.com.au,2303info@swissdeli.com.au,(02) 7208 7845
Thermidor,SHOP 1 7 HONEYSUCKLE DR ,NEWCASTLE,2300,Newcastle,Jessica Gregory,,http://www.thermidor.com.au/,,021hello@thermidor.com.au,hello@thermidor.com.au,(02) 4957 5021
Queen Ester Falafel Cafe,5Cb/349  Barrenjoey Rd ,Newport,2106,Northern Beaches,Nir Styr,,https://www.queenester.com.au/,"More emails: accounts@queenester.com.au, newport@queenester.com.aufor",catering@queenester.com.auaccounts,monavale@queenester.com.aufor,
Eastern Bay Thai,UNIT 1 3 MILITARY RD ,WATSONS BAY,2030,Woollahra,Montita Somkaeo,,http://www.bangkokbaythai.com.au/,,admin@localforyou.com,,(02) 9337 5221
Sylvan Glen Estate,570 KAREELA RD ,PENROSE,2579,Wingecarribee,REALITY UNLIMITED PTY LTD,50099144822.0,http://www.sylvanglen.com.au/,,weddings@sylvanglen.com.au,bookings@sylvanglen.com.au,0429 000 897
Superette,"Shop 16, 20-30 Market Street ",MERIMBULA,2548,Bega Valley,SUPERETTE PTY LTD,85663767262.0,https://www.marketcity.com.au/,,info@marketcity.com.au,,(02) 9288 8900
Little Turkey,SHOP 1 18 PARK ST ,PORT MACQUARIE,2444,Port Macquarie-Hastings,Barisay Avsar,,http://www.littleturkey.com.au/,,bookings@littleturkey.com.au,,(02) 5507 9696
Young Rugby Union Football Club Incorporated,40 BINALONG ST ,YOUNG,2594,Hilltops,Edward Mullany,,http://youngrugby.com.au/,"More emails: youngyabbies@gmail.comnick, pete@cultiv8financial.com.au, aphufton@bigpond.com, junioryabbies@gmail.comben, theringleader@outlook.com",prue@oliveandclover.com.au,bickleypark2@bigpond.com,
"Salt, Chilli & lime",80 MELBOURNE ST ,EAST MAITLAND,2323,Maitland,Tory Clancy,,https://saltchilliandlime.com.au/,,contact@saltchillandlime.com.au,contact@saltchilliandlime.com.au,(02) 4933 9128
Boggabri & District Rugby League Football Club Inc.,15 HULL ST ,BOGGABRI,2382,Narrabri,Maria Grebert,,http://boggabrirsl.com.au/,,boggabrirsl@bigpond.com,,(02) 6743 4345
Bonito Peruvian Eatery,SHOP 10 54-58 SIMPSON AV ,WOLLONGBAR,2477,Ballina,Andres SOLDI DULANTO,,http://www.bonitoperuvian.com.au/,,emailhello@bonitoperuvian.com.au,hello@bonitoperuvian.com.au,(02) 6628 3111
Toronto Tigers Baseball Club,41/43 Fennell Crescent ,BLACKALLS PARK,2283,Lake Macquarie,Julie Van Eynde,,https://www.tigersbaseball.com.au/,,secretary@tigersbaseball.com.au,,
Hunter River Brewery Trail,4 WADDELLS AV ,SINGLETON,2330,Singleton,Matthew Solman,,https://www.hunterriverbrewerytrail.com/home,,craftbeer@hunterriverbrewerytrail.com,,0421 695 305
The Armidale Playhouse,309 BEARDY ST ,ARMIDALE,2350,Armidale Regional,The Armidale Playhouse,,http://armidaleplayhouse.com.au/,,emailtheatremanager@armidaleplayhouse.com.au,,(02) 6771 9329
Trentham Waters Resort Mildura,6635 STURT HWY ,TRENTHAM CLIFFS,2738,Wentworth,TRENTHAM WATERS MILDURA PTY LTD,26648398958.0,https://sunraysia-resort.com.au/,"More emails: info@sunraysia-resort.com.auplease, info@sunraysia-resort.com.aufacebookinstagramyoutubefacebookinstagramyoutube",info@sunraysia-resort.com.auweather,info@sunraysia-resort.com.au,(03) 5021 9600
Bangalow Tuckshop,SHOP 3/43 BYRON ST ,BANGALOW,2479,Byron,Andrew Maloney,,http://bangalowtuckshop.com.au/,, hello@bangalowtuckshop.com.au,2479hello@bangalowtuckshop.com.au,
Bowery Restaurant,56-64 WARATAH ST ,KATOOMBA,2780,Blue Mountains,David Cartwright,,http://bowerykatoomba.com.au/,,dylan@bowerykatoomba.com.au,2627emaildylan@bowerykatoomba.com.au,(02) 4700 2627
Coorabell Hall Association Inc,565 COOLAMON SCENIC DR ,COORABELL,2479,Byron,Adele Smout,,http://coorabellhall.net/,,coorabellhall@gmail.comtext,,0493 985 417
Hotel Australasia,142-144 IMLAY ST ,EDEN,2551,Bega Valley,STATEWIDE PROPERTY VENTURES PTY LTD,46003493043.0,https://www.hotelaustralasia.com.au/?utm_source=win&utm_medium=cpc&utm_campaign=Hotel+Australasia&utm_id=cpc&utm_term=Hotel+Australasia,,info@hotelaustralasia.com.au,,(02) 6496 1560
Mezcals Restaurant,Shop 1/116-128  Sharp ,COOMA,2630,Snowy Monaro Regional,MEZCALS PTY LTD,81659101185.0,https://www.mezcals.com.au/,,8964canberra@mezcals.com.auopening,3860info@mezcals.com.auopening,(02) 6411 3860
Wellington Redbacks Rugby Union Club,14 SIMPSON ST ,WELLINGTON,2820,Dubbo Regional,Hamish Doherty,,https://www.wellingtonraceclub.com/,,wellingtonboot@wellingtonraceclub.net,wellingtonboot@wellingtonraceclub.netbottom,0437 778 451
Windsor Polo Club,33 OLD KURRAJONG RD ,RICHMOND,2753,Hawkesbury,KIRRILY SMITH,,http://www.windsorpoloclub.com.au/,,info@windsorpoloclub.com.au,,0417 278 741
BURGER BULLS,73-75 KABLE AV ,TAMWORTH,2340,Tamworth Regional,BURGERHOOD PTY LTD,33646456966.0,http://burgerbulls.com.au/,More emails: catering@burgerbulls.com.au,info@burgerbulls.com.au,feedback@burgerbulls.com.au,(02) 6702 0366
Kelp Restaurant,173 - 175 River St ,BALLINA,2478,Ballina,JCT ONE PTY LTD,89652913258.0,http://www.kelprestaurant.au/,More emails: 828info@dorys-kelp.au,info@kelprestaurant.au ,info@dorys-kelp.au,(02) 6686 6828
The Banya,35-37 BURRINGBAR ST ,MULLUMBIMBY,2482,Byron,Jay Hudson,,https://thebanya.com.au/,,hi@thebanya.com.au,,(02) 6698 6104
THE 383,383 NORTH ST ,WOOLI,2462,Clarence Valley,Dylan O'Neill,,https://www.the383wooli.com.au/,,events@the383wooli.com.au,info@juiceito.com,(02) 6649 7519
Muddy Duck Tapas Bar & Events,21 BROLGA PL ,COLEAMBALLY,2707,Murrumbidgee,Greenline Farming Pty Ltd,98633453853.0,http://muddyduck-townhub.com.au/,,support@muddyduck-townhub.com.au,support@muddyduck-townhub.com.auget,0466 096 608
MALIBU CAFE PTY LTD,127A OCEAN VIEW DR ,WAMBERAL,2260,Central Coast,LAGUNE CAFE RESTAURANT PTY LTD,85666575159.0,https://www.wamberalfunctions.com.au/cafe,,info@wamberalfunctions.com.au,,(02) 4385 8841
Little Miss mezza,Shops 3-4/269-299 Brisbane Water Drive ,WEST GOSFORD,2250,Central Coast,TLS HOSPITALITY PTY LIMITED,92661276964.0,http://www.little-miss.com.au/,,2260visit@little-miss.com,,(02) 4315 2360
Norma's Deli,"74-78 The Corso (Lots 2, 3, 4, 6, 7 & 8) ",MANLY,2095,Northern Beaches,NORMAS DELI PTY LTD,69657802787.0,http://www.normasdeli.com/,, hello@normasdeli.com,hello@normasdeli.cominstagram,
Cubbyhole Cafe,UNIT 47 2 WARREN RD ,WARNERVALE,2259,Central Coast,S I T E PTY LTD,34003387700.0,https://www.cubbyhole.com.au/,,john.ryba@sitepl.com.au,,0418 166 766
Mod Thai Food & Noodle bar,SHOP 5 and 6/45 DONALD ST ,NELSON BAY,2315,Port Stephens,Piyanuch Silapranimith,,http://modthai.com.au/?utm_source=google&utm_medium=organic&utm_campaign=gmb,,modthai@outlook.com.au,,(02) 4984 4222
Peppers Creek Barrel Room and Chapel,1946 Broke Road ,POKOLBIN,2320,Cessnock,VOPAJ PTY LTD,89660186685.0,https://www.pepperscreekbarrelroom.com.au/,"More emails: catering@pepperscreekbarrelroom.com.au, weddings@pepperscreekbarrelroom.com.au",catering@pepperscreekbarrelroom.com,contactweddings@pepperscreekbarrelroom.com.au,1300 034 103
Native Cafe,Shops 2 - 5 84 Princes Hwy ,ULLADULLA,2539,Shoalhaven,NATIVE FOODS PTY LTD,30645063672.0,https://www.nativeharbourview.com.au/,,hello@nativecafe.com.au,,(02) 4319 4528
Sandys,50 OLD BARRENJOEY RD ,AVALON BEACH,2107,Northern Beaches,Nicholas Musgrave,,http://www.randyswine.com.au/,,info@randyswine.com.au,811info@randyswine.com,0478 693 811
Six Counties,106-114 KENTUCKY ST ,ARMIDALE,2350,Armidale Regional,Kevin Harris,,http://www.neram.com.au/visit/cafe/,,foh@neram.com.au,,
Nuservices Pty ltd,130 UNIVERSITY DR ,CALLAGHAN,2308,Newcastle,Charlene Dawson,,https://www.newcastle.edu.au/,"More emails: international-enquiries@newcastle.edu.au, uonsenquiry@newcastle.edu.au, donor-relations@newcastle.edu.au, postgrad@newcastle.edu.au, graduate-research@newcastle.edu.au",postgrad@newcastle.edu.auenquire,alumni@newcastle.edu.au,(02) 4921 5000
Mezza,SHOP 6 1 WALLIS ST ,FORSTER,2428,Mid-Coast,MEZZA PTY LTD,36646292480.0,https://mezzaeatery.com.au/,,poulette@darzihospitality.com,mezza@darzihospitality.com,(02) 6555 3755
Wagga Golf Centre Pty Ltd,79 NARRUNG ST ,WAGGA WAGGA,2650,Wagga Wagga,Danielle Pullen,,https://waggagolfcentre.com.au/,,hello@waggapar3.com.au,,0437 312 124
Ristorante Cavallino,1-3 YULONG AV ,TERREY HILLS,2084,Northern Beaches,CHANNEL 2 PTY LTD,80629609598.0,https://cavallino.com.au/reservations/,,ciao@cavallino.com.au,,(02) 9450 1777
The Bend Restaurant,"Shop 1, 2 Deniliquin Road ",TOCUMWAL,2714,Berrigan,THE BEND RESTAURANT PTY LTD,34672944786.0,http://www.thebendrestaurant.com.au/,,bookings@thebendrestaurant.com.ausend,bookings@thebendrestaurant.com.au,0418 924 665
Pellegrini's Italian Orange,"T1-T2, 86-102 Summer Street ",ORANGE,2800,Orange,EMPIRE CUISINES PTY LTD,87643424088.0,https://www.pellegrinis.com.au/,"More emails: touchchatswoodchatswood@pellegrinis.com, orange@pellegrinis.com.au, chatswood@pellegrinis.com.au, directionorangeorange@pellegrinis.com, before.chatswoodchatswood@pellegrinis.com",2067orangeorange@pellegrinis.com,beforechatswoodchatswood@pellegrinis.com,0401 907 742
H&S CAFE,85B HYDE ST ,BELLINGEN,2454,Bellingen,Sean Page,,http://www.hnsbellingen.com/,,hnsbellingen@gmail.comcall,,0401 731 036
Ronnie's Pokolbin,SHOP 15 2090 BROKE RD ,POKOLBIN,2320,Cessnock,Blake Gontier,,https://www.ronniespokolbin.com.au/,,contactemily.b@ronniespokolbin.com.au,,(02) 4991 6660
Railway Hotel Gosford,159 MANN ST ,GOSFORD,2250,Central Coast,THE BON 2019 PTY LTD,67631157358.0,http://railwayhotelgosford.com.au/,,1593emailjesse@railwayhotelgosford.com.auopening,jesse@railwayhotelgosford.com.au,(02) 4302 1593
The Cranfield,26 ZOUCH ST ,YOUNG,2594,Hilltops,Anna Sneddon,,http://thecranfield.com.au/,,2594thecranfield@gmail.comfollow,,0481 488 165
Megalong at Lot 101,3-7 PEACH TREE RD ,MEGALONG VALLEY,2785,Blue Mountains,Colin BARKER,,https://www.lot101.com.au/,,contact@lot101.com.au,,(02) 4787 3999
RFDS Visitor Experience Event and Function centre,21 JUDY JAKINS DR ,DUBBO,2830,Dubbo Regional,JOHN LARKIN,,https://dubbo.experience.flyingdoctor.org.au/,,dubboenquiries@rfdsse.org.au,,1800 847 487
Just Enough Beach,736 PALMERS CHANNEL SOUTH BANK RD ,PALMERS CHANNEL,2463,Clarence Valley,Lisa Wright,,https://www.justenoughbeach.com.au/,,candles@justenoughbeach.com.auwherehand,candles@justenoughbeach.com.au,0410 553 434
Wild o & Co,UNIT 1 29 ANDY POOLE DR ,TATHRA,2550,Bega Valley,WILD O & CO PTY LTD,75652222190.0,http://www.wildorchidtathra.com/,,wildorchidtathra@gmail.comreturn,,(02) 6494 5229
Snowy Restaurant,67 COMMISSIONER ST ,COOMA,2630,Snowy Monaro Regional,Deirdre Jory,,http://www.alpinehotel.com.au/,,1466emailinfo@alpinehotel.com.ausocialfind,info@alpinehotel.com.au,(02) 6452 1466
La Porchetta Wagga,16-18 BAYLIS ST ,WAGGA WAGGA,2650,Wagga Wagga,AA CUISINE PTY LTD,40657502013.0,https://laporchetta.com.au/wagga-wagga/,,waggawagga@laporchetta.com.au,,(02) 5925 5100
Barracks Restaurant,199 AUCKLAND ST ,BEGA,2550,Bega Valley,Deirdre Jory,,https://www.begadowns.com.au/cibo/,,bookings@begadowns.com.au,,(02) 6492 2944
Los Muchachos,UNIT 17 207-209 OCEAN VIEW RD ,ETTALONG BEACH,2257,Central Coast,Diego Diaz Celis,,https://www.losmuchachosmexican.com.au/,,touchoffice@losmuchachos.com,office@losmuchachos.com.au,0416 940 798
The Basin Dining Room," Restaurant Tenancy, 1 SURFVIEW RD",MONA VALE,2103,Northern Beaches,Douglas Fraser,,http://basindining.com.au/,More emails: contactinfo@basindining.com.au,info@basindining.com.authe,info@basindining.com.au,(02) 8924 4289
Fishmongers,UNIT 1 9 BAY LANE ,BYRON BAY,2481,Byron,Shpresa Vella,,http://fishmongersbyron.com.au/,,eat@fishmongersbyron.com.au,,0412 059 771
Gracie Burger - Orange,20 SALE ST ,ORANGE,2800,Orange,MANSON INDUSTRIES GROUP PTY LTD,95683199644.0,https://4pinesbeer.com.au/venues/4-pines-orange,"More emails: hello@gracieburger.com, quality@4pinesbeer.com.au, reception@4pinesbeer.com.au",brewbetter@4pinesbeer.com.au,hospo@4pinesbeer.com.au,(02) 5343 1885
Two Siisters Pantry,147 SYDNEY RD ,FAIRLIGHT,2094,Northern Beaches,Tayla Antonopoulos,,http://two-siisters.com.au/,,0865team@two-siisters.com.au,us.team@two-siisters.com.au,(02) 9907 0865
AZTECA Margarita,UNIT 1 69 BALEMO DR ,OCEAN SHORES,2483,Byron,AGAVE SOL PTY LTD,55647554167.0,http://www.aztecamargarita.com/,,info@aztecamargarita.com,,0422 106 721
Tempo,205 MONA VALE RD ,TERREY HILLS,2084,Northern Beaches,BERKELO BAKERY PTY LTD,21666246395.0,http://www.mccarrs.com.au/,More emails: enquiries@mccarrs.com.au,events@mccarrs.com.au,contactenquiries@mccarrs.com.au,(02) 8998 6575
Dunn Lewis,141 ST VINCENT ST ,ULLADULLA,2539,Shoalhaven,Gayle Dunn,,http://www.dunnlewiscentre.com.au/,"More emails: 1099gemma.hart@dunnlewisfoundation.org, admin@dunnlewiscentre.com.au",1099admin@dunnlewiscentre.com.aubowling,1099admin@dunnlewiscentre.com.aubookingsbowlingclimbingyouth,(02) 4454 1099
Bay Pavilions,12 VESPER ST ,BATEMANS BAY,2536,Eurobodalla,ALIGNED LEISURE PTY LTD,58608613350.0,https://baypavilions.com.au/,,baypavilions@alignedleisure.com.au,,(02) 4415 1800
The Artisan Farmer,17 WOOSTERS LANE ,NABIAC,2312,Mid-Coast,Peter Doyle,,https://www.theartisanfarmer.com.au/,More emails: info@theartisanfarmer.com.auemployment,info@theartisanfarmer.com.au,info@theartisanfarmer.com.auopening,0447 051 404
Bar Heather,"Shop G09, 139 Jonson Street ",BYRON BAY,2481,Byron,BAR HEATHER PTY LIMITED,17651353258.0,http://barheather.com/,,info@barheather.com,vouchersfunctionsnye@heather.barinfo,0400 444 944
CROOKWELL AP & H SOCIETY INC,16 EAST ST ,CROOKWELL,2583,Upper Lachlan,Kenneth McCallum,,http://www.crookwellshow.com.au/,,secretary@crookwellshow.com.au,,0491 373 246
Devil's Hollow Tavern,10 COMMERCIAL AV ,DUBBO,2830,Dubbo Regional,DEPT HOLDINGS PTY LTD,,https://www.devilshollow.com.au/,"More emails: cheers@devilshollow.com.au, catering@devilshollow.com.aufunction, 0060cheers@devilshollow.com.au",sales@devilshollow.com.aucatering,cheers@devilshollow.com.auplease,(02) 8328 0060
Il Toscano,419 THE ENTRANCE ROAD ,LONG JETTY,2261,Central Coast,Lorenzo Gonnelli,,http://www.iltoscano.com.au/,More emails: iltoscanoau@gmail.comtodayclosedlunch,iltoscanoau@gmail.compowered,iltoscanoau@gmail.comopening,0458 042 699
Fillmore's,38-40 MANNING ST ,KIAMA,2533,Kiama,Morgan Lewis,,http://fillmores.com.au/,,australiainfo@fillmores.com,info@fillmores.com.au,0434 208 404
The Alternate Root Pty Ltd,48 Bridge Street ,URALLA,2358,Uralla,Andrew Neary,,http://www.alternateroot.com.au/,"More emails: info@alternateroot.com.au, events@alternateroot.com.auplease, airport@alternateroot.com.au",info@alternateroot.com.auevents,airport@alternateroot.com.auplease,(02) 6778 3185
Rotary Club of Milton Ulladulla,141 ST VINCENT ST ,ULLADULLA,2539,Shoalhaven,Bernard Jones,,https://rotaryclubofmiltonulladulla.org.au/,,choir@rotaryclubofmiltonulladulla.org.au,rcmu@bigpond.com,
SWAY THAI FUSION,UNIT 4 26 MINJUNGBAL DR ,TWEED HEADS SOUTH,2486,Tweed,SOMRUETHAI GIBSON,,https://www.swaythai.com.au/?utm_source=google&utm_medium=organic&utm_campaign=gmb,,som@swaythai.com.au,,(07) 5513 0435
Surf Cafe Terrigal Beach,81 TERRIGAL ESP ,TERRIGAL,2260,Central Coast,Andrew Johnson,,https://mjohnsonstu.wixsite.com/surfcafe,,surfcafeterrigal@outlook.com,,(02) 4384 6283
Carlo's Wagga Wagga,1-2/193 Morgan Street ,WAGGA WAGGA,2650,Wagga Wagga,Braiden Harpley,,https://carloswagga.com.au/,,4636hello@carloswagga.com.au,hello@carloswagga.com.au,(02) 6921 4636
Kisuya Japanese Restaurant,Shop 20 1 Wark Parade ,WINDRADYNE,2795,Bathurst Regional,RAKU HOSPITALITY PTY. LTD.,24618927834.0,http://www.kisuya.com.au/,,kisuya.bathurst@gmail.coma,,0432 411 956
Full Throttle Events Pty Ltd,3 HONEYEATER PL ,THORNTON,2322,Maitland,FULL THROTTLE EVENTS PTY LTD,95640168734.0,https://www.fullthrottlecustomgarage.com.au/,,enquiries@ftgarage.com.au,,(02) 4966 0653
Amalfi restaurant and bar,49 THE ESPLANADE ,ETTALONG BEACH,2257,Central Coast,Sebastian Perez-luna,,https://www.amalfiettalong.com.au/,,522info@amalfionthecoast.com.au,info@amalfionthecoast.com.au,0405 441 522
Baharat,"T1.07B, Tower 1, 100 Barangaroo Ave ",BARANGAROO,2000,Sydney,Fatih Kulle,,http://www.baharat.com.au/,,usinfo@baharat.com,info@baharat.com.au,
Moonlight Japanese Restaurant,UNIT 5 17 LAWSON ST ,BYRON BAY,2481,Byron,LIGHT YEARS HOSPITALITY PTY LTD,,http://www.moonlightbar.com.au/,More emails: ongiftsbookingshello@moonlightbar.com,hello@moonlightbar.com.au,form.hello@moonlightbar.com,0476 171 765
Outback Almonds Tourism,2704B LOW DARLING RD ,WENTWORTH,2648,Wentworth,TEGAN DOUGLAS,,https://www.outbackalmonds.com.au/,"More emails: enquiries@outbackalmonds.com.auhome, enquiries@outbackalmonds.com",enquiries@outbackalmonds.com.au,australiaenquiries@outbackalmonds.com.autom,0429 407 045
Olea,8 TRYON RD ,LINDFIELD,2070,Ku-ring-gai,Lisa Dolores,,http://www.olealindfield.com/,"More emails: hello@olealindfield.com, hello@olealindfield.comaddress",hello@olealindfield.com.au,2523hello@olealindfield.com,(02) 9416 2523
Bottega Paninoteca Enoteca,UNIT 4 27 SYDNEY RD ,MANLY,2095,Northern Beaches,BOTTEGA PANINOTECA ENOTECA PTY LTD,72670298665.0,http://www.bottegasydney.com.au/,,messagesubmitcontactciao@bottegasydney.com.au,ciao@bottegasydney.com.au,(02) 9099 1190
Pro Hart Art Sales,108A WYMAN ST ,BROKEN HILL,2880,Broken Hill,Kevin Hart,,http://www.prohart.com.au/,,admin@prohart.com.au,admin@prohart.com.aufacebook,(08) 8087 2441
Inspired by Vibe,179 WINDSOR ST ,RICHMOND,2753,Hawkesbury,Nadia CRUZ,,https://vibeproperty.com.au/,More emails: nadia@vibeproperty.com.au,michael@vibeproperty.com.au,4234michael@vibeproperty.com.au,0426 255 467
Lone Goat Gallery,28 LAWSON ST ,BYRON BAY,2481,Byron,Sarah Harvey,,http://www.lonegoatgallery.com/,,lonegoatgallery@byron.nsw.gov.au,,0437 171 062
Hearth by Moonacres,2 ART GALLERY LANE ,BOWRAL,2576,Wingecarribee,SUISEN ART PTY LTD,,https://moonacres.com.au/hearth/,"More emails: info@moonacres.com.au, school@moonacres.com.au, admin@moonacres.com.au",hearth@moonacres.com.au%20,hearth@moonacres.com.au,(02) 4861 6629
Wharf St Distillery Restaurant,8 WHARF ST ,FORSTER,2428,Mid-Coast,WHARF STREET FORSTER PTY LTD,63652543792.0,https://wharfst.com.au/,,2539hello@wharfst.com.au,manager@wharfst.com.au,(02) 6505 2539
Lexies on the Beach,128 MITCHELL ST ,STOCKTON,2295,Newcastle,STRATA INJECTION AUSTRALIA PTY LTD,75607078599.0,https://www.lexiesonthebeach.com.au/,,info@lexiesonthebeach.com.austay,,(02) 4928 4226
Wildes Hotel,152 MOSS VALE RD ,KANGAROO VALLEY,2577,Shoalhaven,KANGAROO VALLEY HOTEL MANAGEMENT PTY LIMITED,29662242515.0,https://wildes.com.au/,,stay@wildes.com.au,sales@elanorhotels.com,(02) 8776 8760
Hunter Ice Skating Stadium (Operations) Pty Ltd,230 MACQUARIE Road ,WARNERS BAY,2282,Lake Macquarie,HUNTER ICE SKATING STADIUM (OPERATIONS) PTY LTD,24094558997.0,http://www.hiss.com.au/,,skate@hiss.com.au,,(02) 4954 4499
Lakeside Kiosk & Cafe,145 LAKE CANOBOLAS RD ,NASHDALE,2800,Cabonne,Clare Bremerkamp,,http://www.lakesidekioskandcafe.com.au/,,nashdaleask@lakesidekioskandcafe.com,ask@lakesidekioskandcafe.com.au,(02) 6365 3279
Pecora Cheese and Wine,91 HODDLE ST ,ROBERTSON,2577,Wingecarribee,Cressida Cains,,https://www.pecoradairy.com.au/,,pecoradairy@gmail.commichael,,0423 092 779
Effie's Corner,281 SYDNEY RD ,BALGOWLAH,2093,Northern Beaches,GOOD GOOD CORNER PTY LTD,57680853212.0,https://goodgoodcompany.com/venue/effies/,,people@goodgoodcompany.com,hello@goodgoodcompany.com,
One Penny Black,196 HUNTER ST ,NEWCASTLE,2300,Newcastle,Praveen Dasari,,http://www.onepennyblack.com.au/,,onepennyblack@icloud.com,,(02) 4929 3169
Bucketty's Brewery Pty Ltd,9 MANUELA PL ,CURL CURL,2096,Northern Beaches,BUCKETTYS BREWERY PTY LTD,,http://buckettys.com.au/,More emails: contact@buckettys.com.au,contact@buckettys.com.auor,contact@buckettys.com.au ,(02) 8350 6622
Mr Lawrence,187 FITZMAURICE ST ,WAGGA WAGGA,2650,Wagga Wagga,Jamie Shepley,,https://www.mrlawrencewagga.com/,,info@mrlawrencewagga.com,,(02) 5938 2838
The Buoys at the Bay,22 DONALD ST ,NELSON BAY,2315,Port Stephens,FLAMES AND FLAVOUR GROUP PTY LTD,,https://www.flamesandflavourgroup.com.au/the-buoys,,info@flamesandflavourgroup.com.au,info@flamesandflavour.com.au,(02) 4981 9392
Again and Again Cafe,SHOP 6 320 PRINCES HWY ,BOMADERRY,2541,Shoalhaven,Watcharachat Chatwatcharapaisit,,http://www.theagainandagain.com.au/,,info.againandagaincafe@gmail.comsubmit,,0478 946 963
Tempus Katoomba,66 KATOOMBA ST ,KATOOMBA,2780,Blue Mountains,Baden Evans,,https://www.tempuskatoomba.com.au/,,dine@tempuskatoomba.com.au,,(02) 4760 8630
L'Americano Cafe,2-4 Hayes Street ,BALGOWLAH,2093,Northern Beaches,SAVEBA HOSPITALITY PTY LTD,,https://lamericano.com.au/sydney-north/,"More emails: info@lamericano.co.nz, adelaide@lamericano.com.au, brisbane@lamericano.com.au",managerlamericanoblg@thefreshcollective.com.au,castlehill@lamericano.com.au,0457 225 241
The Young Street Hotel,132 YOUNG ST ,CARRINGTON,2294,Newcastle,Emily Box,,http://youngstreethotel.com/,,reservations@youngstreethotel.com,,(02) 4023 5906
Briars Country Lodge,653 Moss Vale Road ,BURRADOO,2576,Wingecarribee,Dawn Strauss,,https://www.briarscountrylodge.com.au/,,lodgebookings@briarscountrylodge.com.au,contactbookings@briarscountrylodge.com.au,(02) 4868 3566
The Hive,274 CRAWFORD ST ,QUEANBEYAN,2620,Queanbeyan-Palerang Regional,Helen FERGUSON,,http://qbnhive.buzz/,,info@mysite.com,446emailinfo@qbnhive.buzzsocial,0403 994 446
THE COFFEE CLUB WICKHAM,1/38 Hannell Street ,WICKHAM,2293,Newcastle,JATACAKE HOSPITALITY PTY LIMITED,,https://www.coffeeclub.com.au/stores/wickham?utm_content=The%20Coffee%20Club%20Wickham%20-%20Wickham&utm_campaign=Google%20My%20Business&utm_medium=organic&utm_source=google&utm_term=plcid_1606381922575523826,,enquiriesmedia@coffeeclub.com.au,,(02) 4961 7401
Tothy Brothers Deli and Company,SHOP 4 180 SOUTH CREEK RD ,WHEELER HEIGHTS,2097,Northern Beaches,TOTH BROTHERS GROUP PTY LTD,42648238500.0,http://tothybrothersdeli.com.au/,,7am-3.30pm0451-866-756tothybrothers@gmail.combuy,,0451 866 756
Chapel Ridge,1550 GEORGE DOWNES DR ,KULNURA,2250,Central Coast,Gary HATCHER,,https://www.chapelridge.com.au/,,hello@chapelridge.com.au,,0407 207 972
Education and Training Centre,563 BORENORE RD ,BORENORE,2800,Cabonne,Jayne West,,https://www.anfd.com.au/,,info@anfd.com.au,,(02) 6362 1588
Pizza Peddlers Cafe & Restaurant,SHOP 3 46-48 PICNIC PDE ,ETTALONG BEACH,2257,Central Coast,ABHISHEK .,,https://ccpizzapeddlers.net.au/,,pizza.peddlers@outlook.com,,(02) 4309 3407
Hillcrest Merimbula,95- 97 Merimbula Drive ,MERIMBULA,2548,Bega Valley,THE HILLCREST MOTEL PTY LTD,32646738847.0,https://www.hillcrestmerimbula.com/,,info@hillcrestmerimbula.com,2548info@hillcrestmerimbula.com,(02) 6462 6052
WARRIEWOOD SURF LIFE SAVING CLUB INC,73 Narrabeen Park Parade ,WARRIEWOOD,2102,Northern Beaches,John Dulieu,,http://www.warriewoodslsc.com.au/,"More emails: clubcaptain@warriewoodslsc.com.au, training@warriewoodslsc.com.au",nippers@warriewoodslsc.com.au,info@warriewoodslsc.com.au,(02) 9999 2213
Country Coastal Events and Management,24 CLYDE RIDGE RD ,MORTON,2538,Shoalhaven,Mindy Moore,,http://www.thebarnontheridge.com.au/,,admin@thebarnontheridge.com.au,,0432 447 627
Cressence Bistro,4 MAIN ST ,CRESCENT HEAD,2440,Kempsey,Neal Davison,,https://cressence.com.au/,,admin@cressencemoon.com,,(02) 6566 8629
Event Project Catering,UNIT 4 9 MASSINGER ST ,BYRON BAY,2481,Byron,Margot Natoli Project Management Pty Ltd,28135115543.0,http://www.eatdrinkcatering.com.au/,More emails: 602info@eatdrinkcatering.com.au,hello@byronweddingvine.com.au,602info@eatdrinkcatering.com.auafter,0411 182 602
Bills Restaurant,"Tenancy 2, 16-18 Cross Street ",DOUBLE BAY,2028,Woollahra,Markel Euba Laskibar,,http://bills.com.au/,More emails: billsaustraliacontactcontactinfo@bills.com.aupress,info@bills.com.au,press@bills.com.au,(02) 8412 1144
The Hay Football Netball Club,Moppett St ,HAY,2711,Hay,Darren Tapper,,http://www.hay.nsw.gov.au/,,mail@hay.nsw.gov.au,,(02) 6990 1100
coffs harbour rifle club,"367 DRY CREEK ROAD, ",UPPER ORARA,2450,Coffs Harbour,Joel WALKER,,http://www.coffsrifleclub.com.au/,,info@coffsrifleclub.com.au,,0457 925 338
Bertie’s Food & Drink,SHOP 1 28-32 CHERRY ST ,BALLINA,2478,Ballina,Timothy Coleman,,https://www.bertiesballina.com.au/,,contacthello@bertiesballina.com,,
Thynk Café,3 BOWDEN WAY ,BERESFIELD,2322,Newcastle,THYNK CAFE AND BAR PTY LTD,11635576073.0,http://www.thynkcafebar.com.au/,,info@thynkcafebar.com.au,,(02) 4028 6585
Echuca-Moama Border Raiders Soccer Association,Pericoota Road ,MOAMA,2731,Murray River,Jonathon KEELE,,http://www.moamafootballnetballclub.com.au/,"More emails: admin@moamafnc.com.au, president@moamafnc.com.au, questionsadmin@moamafnc.com.au",footballdirector@moamafnc.com.au,netballdirector@moamafnc.com.au,
Dubbo Hockey Assocation Incorporated,51 Howard Avenue ,DUBBO,2830,Dubbo Regional,Graeme WATERS,,http://www.dubbohockey.com.au/,,hockey@dubbohockey.com.au,,(02) 6882 9105
Lisa McGuigan Wines,2198 BROKE RD ,POKOLBIN,2320,Cessnock,Lisa McGuigan,,https://www.vampwinerooms.com.au/,,vamp@vampwinerooms.com.au,vamp@vampwinerooms.com.auleave,(02) 4998 7854
Lush Cafe Pvt Ltd,277 AUBURN ST ,GOULBURN,2580,Goulburn Mulwaree,Basanta REGMI,,https://www.lushcafebar.com.au/,,lushcafeandbar@outlook.com,,(02) 4821 0510
Black Stump Rodeo Committee Inc,55 The Black Stump Way ,COOLAH,2843,Warrumbungle,Raymond Murphy,,http://www.visitnsw.com/destinations/country-nsw/warrumbungle-area/coolah/attractions/black-stump-rest-area,,support@atdw.com.au,coonavic@warrumbungle.nsw.gov.au,
Little Shack,1a Munster Street ,PORT MACQUARIE,2444,Port Macquarie-Hastings,LITTLE SHACK CO PTY LTD,19629672840.0,https://www.littleshack.com.au/,,howdy@littleshack.com.au,,
Bayleaf Cafe,6-8 85-87 Jonson St ,BYRON BAY,2481,Byron,Daniella POPOVIC,,https://www.bayleafbyronbay.com/,,hello@bayleafbyronbay.com,,
Big Swing Golf Dee Why,"Level 1, Dee Why Market, 33 Oaks Avenue ",DEE WHY,2099,Northern Beaches,Matthew Curnow,,https://bigswinggolf.com.au/,,info@bigswinggolf.com.au,,(02) 9982 4566
Pocket Pizza Brookvale,515 PITTWATER ROAD ,BROOKVALE,2100,Northern Beaches,Ben Pichon,,http://pocketpizza.com.au/,"More emails: thesliceisright@pocketpizza.com.au, 2095brookvale@pocketpizza.ocm.au",2095thesliceisright@pocketpizza.com.auphone,2107avalon@pocketpizza.com.au,(02) 8378 8562
Osaka Soul Food Bar,18A WENTWORTH ST ,GLEBE,2037,Sydney,ICHIGO ICHIE SUSHI PTY LTD,37655215428.0,http://www.osakabar.com.au/,,info@osakabar.com.au,nswenquiresinfo@osakabar.com.au,0431 562 800
Reminiscence Tapas wine and whisky,240 MACQUARIE RD ,SPRINGWOOD,2777,Blue Mountains,Mitchell Orton,,http://www.reminiscencetapasbar.com.au/,,reminiscencetapas@gmail.comopening,,(02) 4742 5740
Provisions Deli & Grocery,56C Wallace ST ,Braidwood,2622,Queanbeyan-Palerang Regional,Michael de Wet,,http://www.provisionsbraidwood.com.au/,,bonjour@provisionsbraidwood.com.au,,(02) 7228 5141
The Barn On Melross,2286 MOSS VALE RD ,BARRENGARRY,2577,Shoalhaven,Terrene Cask,,http://melrossfarm.com.au/weddings#weddings-events,,anthony@divineproductions.co,info@ivylanecollective.com.au,0401 178 104
The Bank Bazaar,294 WINDSOR ST ,RICHMOND,2753,Hawkesbury,Kirandeep Singh .,,https://bankbazaar.com.au/,,info@bankbazaar.com.au,,0498 366 557
Hippo Espresso,468 THE ESPLANADE ,WARNERS BAY,2282,Lake Macquarie,MANB SOUTH PTY LTD,52681934172.0,http://www.hippoespresso.com/,,info@hipdog.com.au,,(02) 4948 0800
Coral Restaurant,78 TERRIGAL ESP ,TERRIGAL,2260,Central Coast,Cathryn Kennedy-Head,,https://coralrestaurant.com.au/,More emails: 334info@coralrestaurant.com,info@coralrestaurant.com.au,334info@coralrestaurant.com.au,0489 178 334
Brew Bike,54 MOUNTER ST ,MAYFIELD EAST,2304,Newcastle,Jesse Schadel,,https://brewbike.com.au/,,info@brewbike.com.au,,
The Split Screen Coffee Company,13 ANEMBO CR ,KIAMA HEIGHTS,2533,Kiama,Morgan Lewis,,https://thespotkiama.com/,,luke@thespotkiama.com,emailluke@thespotkiama.com,0490 609 742
FOREplay Golf,12 KARALTA RD ,ERINA,2250,Central Coast,Tyrone Lightfoot,,https://foreplaygolf.com.au/,,admin@foreplaygolf.com.au,,0492 947 090
Schembrae's at Kurrajong,77 OLD BELLS LINE OF ROAD ,KURRAJONG,2758,Hawkesbury,Ruth Sant,,http://www.schembraes.com.au/,,admin@schembraes.com,admin@schembraes.com.au,0403 181 049
Shelly Beach Cafe,1 SHELLY BEACH RD ,EAST BALLINA,2478,Ballina,SHELLY BEACH CAFE BALLINA PTY LTD,,http://www.shellybeachcafe.com/,"More emails: functions@shellybeachcafe.com, shellybeachcafe.combookings@shellybeachcafe.comhomecontact, info@shellybeachcafe.com",emailsinfo@shellybeachcafe.comfunctions,bookings@shellybeachcafe.com,0497 803 657
The Hunter Bartender,12 SINCLAIR AV ,HUNTERVIEW,2330,Singleton,Tina Kirby,,https://www.thehunterbartender.com/?utm_source=google&utm_medium=wix_google_business_profile&utm_campaign=2118297985936179883,,hello@thehunterbartender.com,,
Kickaboom,6 ROSS ST ,GLENBROOK,2773,Blue Mountains,KOOY & JOHNSON PTY LIMITED,26615447624.0,http://www.kickaboom.com.au/,,admin@kickaboom.com.au,,
Lilburndale,413 WEST PORTLAND RD ,SACKVILLE,2756,Hawkesbury,Matthew Cotter,,https://www.lilburndale.com.au/,,hello@lilburndale.com.aup,hello@lilburndale.com.au,(02) 4508 4004
Wine Country Retreat,1476 Wine Country Drive ,NORTH ROTHBURY,2335,Cessnock,Danielle Beddoes,,https://winecountryretreat.com.au/,,info@winecountryretreat.com.au,info@winecountryretreat.com,0466 593 358
Lox In A Box,"Shop 1, 27 Blair St ",BONDI BEACH,2026,Waverley,LIAB BONDI PTY LTD,36676624561.0,http://www.loxinabox.com.au/,"More emails: bondi@loxinabox.com.aucoogee, loxinabox.com.aubondi@loxinabox.com.au, loxinabox.com.aucornerdeli@loxinabox.com.au, cornerdeli@loxinabox.com.au, catering@loxinabox.com.au, cornerdeli@loxinabox.com.aucoogee, contacthello@loxinabox.com.aucatering, hello@loxinabox.com.au, bondi@loxinabox.com.au",work@loxinabox.com.au,coogee@loxinabox.com.au,0402 406 434
Il Toscano,UNIT 5 1 CAMPBELL CR ,TERRIGAL,2260,Central Coast,Matteo Piccardi,,https://iltoscano.com.au/,More emails: iltoscanoau@gmail.comtodayclosedlunch,iltoscanoau@gmail.compowered,iltoscanoau@gmail.comopening,0480 295 975
