Name,Address,Suburb,Postcode,LGA,Licensee,Licensee ABN,Facebook Link,Instagram link,Email Address,Additional Email,Phone Number
By Sang,Tenancy B4 8 ZETLAND AVENUE ,ZETLAND,2017,Sydney,Sangyong PARK,,http://www.bysang.com.au/,,info@bysang.com,info@bysang.com.au,(02) 7251 9251
You Galah!,83 JUBILEE ST ,DUBBO,2830,Dubbo Regional,AUTHENTIC HOSPITALITY PTY LTD,39659630396.0,http://www.yougalah.com.au/,,gday@yougalah.commade,,
nSW Rifle Association,271R FRANKLIN ST ,MALABAR,2036,Randwick,Szilvia BERKY,,https://www.nswra.com.au/,,admin@nswra.com.au,,(02) 9661 4532
Chefs BBQ Broadway,"Shop LG2A, Broadway Sydney, 1 Bay Street ",BROADWAY,2007,Sydney,Don Lee,,https://www.chefsbuffet.com.au/,,info@chefsbuffet.com.au,,0493 105 441
IL Passaggio,UNIT 3 28 LAMONT ST ,BERMAGUI,2546,Bega Valley,Hannah Abraham,,http://www.elsewhere-bermagui.com.au/,,info@elsewhere-bermagui.com.au,emailinfo@elsewhere-bermagui.com.au,(02) 6493 3001
El Jefe Restaurant,SUITE 2 5 RIDGE ST ,NORTH SYDNEY,2060,North Sydney,Nuttaporn Jitnaitham,,https://www.eljeferestaurant.com.au/,,contacteljefe1@outlook.com.au,eljefe1@outlook.com.au,(02) 8068 0819
The Wine Feast,20 JUSTFIELD DR ,SUSSEX INLET,2540,Shoalhaven,Guillaume Papillon,,http://www.swordfishbrewing.com.au/,,info@swordfishbrewing.com.au,,(02) 4441 2268
The Town Padel,61 WEST HIGH ST ,COFFS HARBOUR,2450,Coffs Harbour,Dana Smith,,https://www.thetownpadel.com/,More emails: hello@thetownpadel.com,hello@thetownpadel.com ,2450hello@thetownpadel.com,0412 652 315
District Eatery,Shop G 5 10 MONASH RD ,GLADESVILLE,2111,Ryde,Emily CALABRO,,https://districteatery.com.au/,,contacthello@districteatery.com,hello@districteatery.com.au,0411 651 998
Condobolin Rugby Union Football Club,The Gipps Way ,CONDOBOLIN,2877,Lachlan,Michael Fyfe,,http://www.condobolinrsl.com.au/,,admin@condobolinrslclub.com.au,,(02) 6895 2113
Virgin Ninjas,"Shop T20, , 1-13 Freya Street ",KAREELA,2232,Sutherland,VIRGIN NINJAS PTY LTD,22678945607.0,https://inline.app/booking/-ONwbBHf5rNiKU9EKPyZ:inline-live-3/-ONwbBQnUJpkojmKg_N_,"More emails: patron-help@inline.app, support@inline.app",marketing@inline.tw,service@inline.tw,0451 555 942
HUNTER REGION SPORTS CENTRE ADMINISTRATION COMMITTEE INCORPORATED,45 STOCKLAND DR ,GLENDALE,2285,Lake Macquarie,Michelle Preston-poole,,http://www.hsc.org.au/,,customerservice@hsc.org.au,,(02) 4953 6366
bottlenose Holdings Pty Ltd,17 SHEPHERD ST ,MOLLYMOOK,2539,Shoalhaven,BOTTLENOSE HOLDINGS PTY LTD,55675243580.0,https://www.mollymookgolf.com.au/bottle-shop,,management@mollymookgolf.com.au,,(02) 4455 1911
The Co-Op Gerringong,18 BELINDA ST ,GERRINGONG,2534,Kiama,Erica Warren,,http://www.thecoopgerringong.com/,,hello@thecoopgerringong.com,,
Integral XP Events,UNIT 3 24-26 WINBOURNE RD ,BROOKVALE,2100,Northern Beaches,Daniel Halliwell Sussmann,,http://integralaerial.com/,,tech@integralaerial.com,,(02) 9939 1874
Divaa Indian,SHOP 2 249 ARGYLE ST ,MOSS VALE,2577,Wingecarribee,BHASHA PTY LTD,77674709516.0,https://www.divaa.com.au/,More emails: info@divaa.com.au,pageinfo@divaa.com,usinfo@divaa.com,(02) 4862 3308
Il Toscano Gosford,Shop 1/139 Mann street ,GOSFORD,2250,Central Coast,TUSCANY UNTOUCHED PTY. LTD,48613426378.0,http://www.iltoscano.com.au/,More emails: iltoscanoau@gmail.compowered,iltoscanoau@gmail.comopening,iltoscanoau@gmail.comtodayclosedlunch,0419 413 707
Coogee Dolphins Sports Club Inc.,2R EDWARD AV ,KENSINGTON,2033,Randwick,Mark Stevens,,http://coogeeunited.com/,,ask@coogeeunited.com,,0404 055 687
Living Gourmet Cafe,2 10 KARALTA LANE ,ERINA,2250,Central Coast,SAUCE OF LIFE PTY LTD,,http://www.livinggourmet.com.au/,,specialseat@livinggourmetcafe.com,,(02) 4309 3301
ONE ORIENT RESTAURANT,1 ORIENT ST ,KATOOMBA,2780,Blue Mountains,MS DINING PTY LTD,72683830088.0,https://oneorient.com.au/,,reservations@oneorient.com,reservations@oneorient.com.au,0416 915 525
Murley Cheese Bar Pty. Ltd.,UNIT 3 4 MEREWETHER ST ,NEWCASTLE,2300,Newcastle,Ashley Matthews,,https://www.thebarmellow.com/,,drinks@barmellow.com,,
MONA VALE JUNIOR RUGBY LEAGUE CLUB,Bishop St ,NEWPORT,2106,Northern Beaches,Matthew LLOYD,,http://www.newportrugby.com.au/,"More emails: simon.kacimeiwei@zeiss.com, registrar@newportrugby.com.au, staff@holisticphysiofitness.com.au, secretary@newportrugby.com.au, owain.roberts@nsw.rugbyanother",simon.kacimaiwai@zeiss.com,owain.roberts@nsw.rugby,
Northern Hawks Rugby League Club,4981 NELSON BAY RD ,NELSON BAY,2315,Port Stephens,Patrice Chapman,,http://nelsonbayfc.com.au/,,daniel@johnstonearthmoving.net.au,,0427 886 705
Werris Creek Rugby League Football Club,1 DEEKS RD ,WERRIS CREEK,2341,Liverpool Plains,Jason Leonard,,http://www.wcsports.com.au/,,7144info@wcsports.com.au,info@wcsports.com.auwebsite,(02) 6768 7144
BLACK DINGO CAFE,TWEED TERRACE ,TWEED HEADS,2485,Tweed,BSC ADMIN PTY LTD,11648199124.0,https://www.blackdingocafe.com.au/,,address.hello@blackdingocafe.com.au,hello@blackdingocafe.com.au,0422 723 935
Orange CYMS RLFC Inc,Corner Moulder and Peisley Street ,ORANGE,2800,Orange,Timothy Ireson,,http://www.orangecityrugby.com.au/,,seniors@orangecityrugby.com.au,,
Wollongbar Alstonville Rugby Club,80 Elvery Lane ,ALSTONVILLE,2477,Ballina,Ernest Sandral,,http://www.wollongbarrugby.com/,More emails: pageadmin@wollongbarrugby.comlog,wollongbaradmin@wollongbarrugby.comsecretary,admin@wollongbarrugby.com,0449 958 523
Two Rivers Wines Functions,2 YARRAWA RD ,DENMAN,2328,Muswellbrook,Lynne Smith,,http://tworivers.com.au/,,info@tworivers.com.au,sales@tworivers.com.au,(02) 6547 2556
Silversalver The Taste Of Wollongong,UNIT 4 16 CLIFF RD ,NORTH WOLLONGONG,2500,Wollongong,ALOUKIK PTY LTD,46680168398.0,https://www.silversalver.com.au/,,contactus@silversalver.com.au,,(02) 4250 7317
The Loft,"The Loft, Level 1, 15 Hill Road ",SYDNEY OLYMPIC PARK,2127,Parramatta,URBNSURF SYDNEY PTY LTD,94671761112.0,https://www.thelockerroom.com.au/?utm_source=google&utm_medium=organic&utm_campaign=Google%20My%20Business&utm_content=The%20Locker%20Room%20-%20Sydney%20Olympic%20Park&utm_term=plcid_16401339619869337711,,events@lockerroomhotel.com.au,,(02) 8077 1050
Riverside Village Social Club,570 WOODBURN EVANS HEAD RD ,DOONBAH,2473,Richmond Valley,Cheryl PETTIT,,https://hometownaustralia.com.au/nsw/north-coast/riverside-evans-head/?utm_source=GMB&utm_medium=organic&utm_content=nsw-north-coast-riverside,, riversidesales@hometownaustralia.com.au, riverside@hometownaustralia.com.au,(07) 2102 2518
Big Swing Golf - Sydney North,UNIT 2 2-6 ORION RD ,LANE COVE WEST,2066,Lane Cove,Matthew Curnow,,https://bigswinggolf.com.au/lane-cove,,info@bigswinggolf.com.au,,(02) 9037 3335
Momo Chicken Newcastle,LEVEL 3 SHOP 3005.6  NORTHCOTT DR ,KOTARA,2289,Newcastle,MUNCH TRADING PTY LTD,,https://momochicken.com.au/,"More emails: runcorn@momochicken.com.aubrisbane, info@momochicken.com.au, sunshineplaza@momochicken.com.aukotara, info@momochicken.com.auruncornphone, info@momochicken.com.ausouth, info@momochicken.com.auchermside, info@momochicken.com.aurochedale, rochedale@momochicken.com.aumt",newmarket@momochicken.com.aumaroochydore,info@momochicken.com.aunew,0412 591 866
Empanadas y Mas,SHOP 1 105-109 MCEVOY ST ,ALEXANDRIA,2015,Sydney,BITES LATINOS PTY LTD,17633736142.0,http://www.empanadasf.com/,,info@empanadasf.com,,(02) 8034 3569
Forest Lodge Public School P&C Association,231-233 BRIDGE RD ,FOREST LODGE,2037,Sydney,Edward TILLYER-STRUDWICK,,https://forestlodg-p.schools.nsw.gov.au/,,emailforestlodg-p.school@det.nsw.edu.au,forestlodg-p.school@det.nsw.edu.au,(02) 9660 3530
Oporto Gladesville,317-319 VICTORIA RD ,GLADESVILLE,2111,Ryde,Saket Agarwalla,,https://www.oporto.com.au/locations/gladesville/?utm_source=google&utm_medium=organic&utm_campaign=Google%20My%20Business&utm_content=Oporto%20-%20Gladesville%20-%20Gladesville&utm_term=plcid_6604566997825587217,,media@craveablebrands.comgot,,(02) 9879 5180
SeaSprout Freshwater, UNIT 3 6-8  Lawrence St ,Freshwater,2096,Northern Beaches,Paula Walker,,https://www.seasprout.com.au/,,info@seasprout.com.au,,(02) 7813 7286
Collaroy Rugby Union Club,Anzac Ave ,COLLAROY,2097,Northern Beaches,Andrew O'Shea,,http://www.thebeachclub.com.au/,,info@thebeachclub.com.auphone,info@thebeachclub.com.au,(02) 9971 5355
San Franco,SHOP 3 63 VETERANS PDE ,COLLAROY PLATEAU,2097,Northern Beaches,Frank Grilla,,https://www.san-franco.com/,,info@sanfranco.com.au,,(02) 8528 2868
Jacaranda Grove Social Committee,598 Summerland ,Grafton,2460,Clarence Valley,Gary Tobin,,https://hometownaustralia.com.au/nsw/north-coast/jacaranda-grove-grafton/?utm_source=GMB&utm_medium=organic&utm_content=nsw-north-coast-jacaranda-grove,, jacarandagrovesales@hometownaustralia.com.au, jacarandagrove@hometownaustralia.com.au,(02) 4044 4088
Neptunes Grotto,LOWER GROUND FLOOR 44 BRIDGE ST ,SYDNEY,2000,Sydney,NEPTUNES GROTTO PTY LIMITED,36670313381.0,https://www.neptunesgrotto.com/,,reservations@neptunesgrotto.com,,(02) 9167 6667
Alma Salsa Pty Ltd,103 FOVEAUX ST ,SURRY HILLS,2010,Sydney,Alma Salsa,62643372589.0,https://www.almadance.com.au/studio-hire,,info@almadance.com.aualma,info@almadance.com.au,0482 077 012
Hasthi,SHOP 10 68 NELSON ST ,WALLSEND,2287,Newcastle,HASTHI PTY LTD,,http://hasthi.com.au/,,hello@hasthi.com.au,,(02) 4031 6518
Fridas Cantana,UNIT 9 24 COLLINS ST ,KIAMA,2533,Kiama,Kirsten Kerr,,http://www.fridascantina.net.au/,,4731info@elcorazon.net.aufrida,info@elcorazon.net.au,(02) 4257 4731
Cali Burgers Pty Ltd,Shop 2A & 6A No. 351 Oran Park Drive ,ORAN PARK,2570,Camden,CALI BURGERS PTY LTD,87619553847.0,https://www.caliburgerssydney.com/,More emails: contact@caliburgerssydney.combottom,contact@caliburgerssydney.comenter,contact@caliburgerssydney.com,(02) 4610 5251
Seadrift,UNIT 1 12 SYDENHAM RD ,BROOKVALE,2100,Northern Beaches,Alastair Whiteley,,https://www.seadriftdistillery.com/,,enquiries@seadriftdistillery.com,,0414 487 844
Chillis Deli,Shop 33 - 34 189 OCEAN VIEW RD ,ETTALONG BEACH,2257,Central Coast,FISH BAR AND DINING PTY LTD,32619118571.0,https://chillisgroup.com.au/,More emails: hello@chillisgroup.com.au,hello@chillisgroup.com,5979hello@chillisgroup.com.au,(02) 4304 5979
Jaspers Berry,4 O'KEEFFES LANE ,JASPERS BRUSH,2535,Shoalhaven,Susan Goodacre,,https://jaspersberry.com.au/,,info@jaspersberry.com.au,,1800 817 402
Hero Sushi Erina Fair,ShopT316 620-658  Terrigal Dr ,Erina,2250,Central Coast,HSSP PTY LTD,83158700193.0,https://herosushi.com.au/find-stores/?s_id=22,,info@herosushi.com.au,info@herosushi.com.aucall,0434 422 170
Il Palio,45 SPOFFORTH ST ,MOSMAN,2088,Mosman,MW SILK ROAD PTY LTD,51678082687.0,http://ilpalio.com.au/,,ilpalio2024@gmail.complease,,(02) 8969 0866
Restaurant Annamese,"SHOP R2.02, 2 WATERMANS QUAY ",BARANGAROO,2000,Sydney,Sarot Athitthieng,,https://www.annamese.com.au/,,info@annamese.com.au,,(02) 9050 2266
QUEEN ST ITALIAN,SHOP 2/111-113 QUEEN ST ,WOOLLAHRA,2025,Woollahra,QUEEN ST ITALIAN PTY LTD,50667941488.0,https://www.queenstitalian.com/,,info@queenstitalian.com,info@queenstreetitalian.com,(02) 7901 6957
Impasto & Eatery,38 DENMAN PDE ,NORMANHURST,2076,Hornsby,AQUILA BUSINESS PTY LTD,63679890683.0,https://impastoandeatery.com.au/,,info@impastoandeatery.com.au,,(02) 8418 8236
Panchayat Indian,UNIT 1 701-703 DARLING ST ,ROZELLE,2039,Inner West,PANCHAYAT INDIAN PTY LTD,14679045115.0,https://www.panchayat.com.au/,,info@panchayat.com.au,,(02) 9415 2595
North Nowra Cambewarra Cricket Club Incorporated,1 WEST CAMBEWARRA RD ,NORTH NOWRA,2541,Shoalhaven,Neville Hickmott,,http://nnbnc.com.au/,,registrarnnbnc@gmail.comuniform,,0404 876 383
Tanwarra Lodge,324 HILL END RD ,SOFALA,2795,Bathurst Regional,TANWARRA PTY LTD,,http://tanwarralodge.au/,,tanwarra.lodge@outlook.com,australiatanwarra.lodge@outlook.com,0405 957 422
The Naked Duck Parramatta Square,"Tenancy 6.03, 6 Parramatta Square, 10 Darcy Street ",PARRAMATTA,2150,Parramatta,ND PARRAMATTA SQUARE PTY LTD,,https://thenakedduck.com.au/,"More emails: 210georgest@thenakedduck.com.auphone, 6parramattasquare@thenakedduck.com.auphone, northsydney@thenakedduck.com.auphone, ldmpark@thenakedduck.com.auphone, 141walker@thenakedduck.com.auphone, norwest@thenakedduck.com.auphone, oranpark@thenakedduck.com.auphone, kent@thenakedduck.com.auphone, 45clarence@thenakedduck.com.auphone, mountst@thenakedduck.com.auphone, hydepark@thenakedduck.com.au, 210georgest@thenakedduck.com.au, ldparramatta@thenakedduck.com.auphone, 347kent@thenakedduck.com.auphone, worldsquare@thenakedduck.com.auphone, centennialplace@thenakedduck.com.auphone, grosvenorplace@thenakedduck.com.au, 50margaret@thenakedduck.com.auphone, grosvenorplace@thenakedduck.com.auphone, martinplace@thenakedduck.com.auphone, broadway@thenakedduck.com.auphone, 347kent@thenakedduck.com.au, southeveleigh@thenakedduck.com.auphone, ndmpark@thenakedduck.com.au, 3parramattasquare@thenakedduck.com.auphone, ndparramatta@thenakedduck.com.auphone",campbell@thenakedduck.com.auphone,bondst@thenakedduck.com.auphone,
Darby & Co.,360 HARBOUR DR ,COFFS HARBOUR,2450,Coffs Harbour,CALEY PTY LTD,,http://www.cafedarbyandco.com.au/,,emailadmin@cafedarbyandco.com.au,782admin@cafedarbyandco.com.au,0403 557 782
Isabelle's Cafe & Woodfired Pizzeria,UNIT 23 185-187 AIRDS RD ,LEUMEAH,2560,Campbelltown,3 HAPPY MONKEYS PTY LTD,22678713936.0,https://www.isabellespizzeria.com.au/,"More emails:  info@isabellespizzeria.com.au, 6133info@isabellespizzeria.com.aubook,  info@cafeneptune.com.au, usinfo@isabellespizzeria.com.aucall",info@isabellespizzeria.com.aureservationwe,info@isabellespizzeria.com.au,(02) 4628 6133
Chefs BBQ Mt Druitt,"Shop 2007, 49 North Parade ",MT DRUITT,2077,Blacktown,Eunsoon JANG,,https://www.chefsbuffet.com.au/,,info@chefsbuffet.com.au,,0493 054 496
Vitaly Kirrawee,SO11 Ground Floor 580 Princes Hwy ,KIRRAWEE,2232,Sutherland,VITALY PTY. LTD.,37622956816.0,https://vitalyitalian.com/,,info@vitalyitalian.com,plate.info@vitalyitalian.comfacebookinstagramrandwick,(02) 8513 5186
KOMARU,SHOP 2/222 MILITARY RD ,NEUTRAL BAY,2089,North Sydney,Takumi Nagashima,,http://komaru.com.au/,,info@komaru.com.au,,0410 960 082
Wet Your Whistle,675 SACKVILLE RD ,EBENEZER,2756,Hawkesbury,Michelle Faint,,http://wetyourwhistle.com.au/,More emails: 196hello@wetyourwhistle.com.auwww.wetyourwhistle.com.au,hello@wetyourwhistle.com.au,hello@wetyourwhistle.com.aucopyright,0487 868 785
AL ASEEL PAGEWOOD PTY LTD,Shops 23 & 24 6 TINGWELL BOULEVARD ,EAST GARDENS,2036,Bayside,AL ASEEL WOLLONGONG PTY LTD,23163352510.0,https://alaseel.com.au/pagewood/,,pagewood@alaseel.com.au,,(02) 7258 5686
Six String Brewery Restaurant,90 THE ENTRANCE ROAD ,ERINA,2250,Central Coast,Six String Brewing Company Pty Ltd,51147045332.0,http://www.sixstringbrewing.com.au/,"More emails: brewery@sixstringbrewing.com.au, sales@sixstringbrewing.com.au, bookingsbookings@sixstringbrewing.com.aufor, enquiriesevents@sixstringbrewing.com.aufor, bookings@sixstringbrewing.com.au, //vip@sixstringbrewing.com.au, vip@sixstringbrewing.com.au",enquiriessales@sixstringbrewing.com.au,bookings@sixstringbrewing.com.aupackages,(02) 4365 4536
The Beach Eatery Curl Curl, Carrington Parade ,CURL CURL,2096,Northern Beaches,Md Shahidur Rahman,,http://www.thebeacheatery.com.au/,,hello@thebeacheatery.com.au,,(02) 9449 8916
Meat & Grain newcastle,Shop AG03-AG04/35 HONEYSUCKLE DR ,NEWCASTLE,2300,Newcastle,MEAT & GRAIN NEWCASTLE PTY LTD,46671536100.0,https://www.meatandgrainsteakhouse.com.au/,More emails: 40928456reservationsnewcastle@meatandgrainsteakhouse.com.au,dinein@meatandgrainsteakhouse.com.au,42501022dinein@meatandgrainsteakhouse.com.auhoursmon,(02) 4092 8456
Izakaya by Mr. Flower Sydney,Shop 1/230 Victoria Road ,GLADESVILLE,2111,Ryde,TIAMA TANG & CO. PTY LTD,42662116645.0,http://mrflowersydney.au/,,info@mrflowersydney.au,,0468 925 742
A.K.C.N GROUP PTY LTD,Level 1 558A BARRENJOEY RD ,AVALON BEACH,2107,Northern Beaches,A.K.C.N Group Pty Ltd,,http://tcgnsw.com.au/,,lauren@tcgnsw.com.au,,0401 008 396
BURGERBULLS ARMIDALE PTY LTD,110 BEARDY ST ,ARMIDALE,2350,Armidale Regional,BURGERHOOD PTY LTD,33646456966.0,https://burgerbulls.com.au/,More emails: catering@burgerbulls.com.au,feedback@burgerbulls.com.au,info@burgerbulls.com.au,(02) 5763 2576
The Sands Receptions,115 JUNCTION RD ,SHELLHARBOUR,2529,Shellharbour,CULINARY CO PTY LTD,96655565683.0,https://www.thesands.net.au/,More emails: admin@thesands.net.auwe,bookings@thesands.net.au,admin@thesands.net.au,0411 476 855
AMALFI BONDI BEACH,1 SIR THOMAS MITCHELL RD ,BONDI BEACH,2026,Waverley,Oliver Morris,,https://www.amalfibondibeach.com.au/,,info@amalfionthecoast.com.au,522info@amalfibondibeach.com.au,0405 441 522
Torotoro Ramen Bar and Grill,"Shop 14, 155B MILLER ST ",NORTH SYDNEY,2060,North Sydney,LCH META HOLDING PTY LTD,91646850428.0,https://www.torotoro.com.au/,,enquiresadmin@torotoro.com.au,,
IIKO Mazesoba,"Tenancy B5, 2 Zetland Avenue ",ZETLAND,2017,Sydney,MAZESOBA PTY LTD,36657892512.0,https://www.mazesoba.com.au/,,iiko@mazesoba.com.au,,0451 937 384
BOTTEGA PANINOTECA ENOTECA PTY LTD,G07 - G07B 182 Campbell Parade ,BONDI,2026,Waverley,Francesco Procopio,,https://www.bottegasydney.com.au/,,messagesubmitcontactciao@bottegasydney.com.au,ciao@bottegasydney.com.au,(02) 9099 1189
Khao Thai Little Bay,SHOP 4 8 PINE AV ,LITTLE BAY,2036,Randwick,Jiraporn Taveeapiradeebuntip,,http://www.khaothai-littlebay.com/,,info@khaothai-littlebay.com,,0488 173 554
Botany Golf Club House,1436 BOTANY RD ,BANKSMEADOW,2019,Bayside,Benjamin Nelson,,https://www.bayside.nsw.gov.au/area/parks/botany-golf-course,,1666council@bayside.nsw.gov.aupo,council@bayside.nsw.gov.au,(02) 9316 4930
Aambra,518A OLD SOUTH HEAD RD ,ROSE BAY,2029,Woollahra,AAMBRA PTY LTD,92668817212.0,http://www.albemarlemedical.com.au/,,reception@albemarlemedical.com.au,,(02) 9371 6000
FINGAL BEACH SURF LIFE SAVING CLUB,3 MARINE DR ,FINGAL BAY,2315,Port Stephens,CAROLINE DEANE,,http://www.fingalbeachslsc.com/,"More emails: fingalbeachslsc.comnippers@fingalbeachslsc.comtraining, fingalbeachslsc.comwebsite@fingalbeachslsc.complease, treasurer@fingalbeachslsc.com, website@fingalbeachslsc.com, president@fingalbeachslsc.com, emailspresident@fingalbeachslsc.comsecretary, nippers@fingalbeachslsc.com, fingalbeachslsc.comtreasurer@fingalbeachslsc.comclubservices, secretary@fingalbeachslsc.com, registrar@fingalbeachslsc.com, fingalbeachslsc.comregistrar@fingalbeachslsc.comlifesaving, lifesaving@fingalbeachslsc.com",clubservices@fingalbeachslsc.com,training@fingalbeachslsc.com,(02) 4981 1450
Caness,348 OXFORD ST ,PADDINGTON,2021,Woollahra,Juan Colmenares Zea,,https://caness.com.au/,"More emails: bookings@caness.com, bookings@caness.com.au",bookings@shaffa.com.au,377bookings@caness.com,0406 362 377
KEIRA CRICKET CLUB,Keira Mine Rd ,Mount Keira,2500,Wollongong,Micaela Lucas,,https://www.keiraccnsw.com.au/,,keira.cricket@gmail.comemailmessagethanks,,0437 969 866
Supreme Espresso Lambton,UNIT 1 121 ELDER ST ,LAMBTON,2299,Newcastle,VEENA GULATI PTY LTD,97665120356.0,https://lambton.supremespresso.com.au/,,info@supremespresso.com.au,lambton@supremespresso.com.au,0489 147 676
Nostimo at the bay,1 TRAFALGAR ST ,NELSON BAY,2315,Port Stephens,NOSTIMO AT THE BAY PTY LTD,26676609126.0,http://www.nostimo.au/,More emails: 8898info@nostimo.au,8898info@nostimo.aucontact,info@nostimo.au,(02) 4062 8898
CHAI COFFEE PTY LTD,SUITE 1 27 HUNTER ST ,PARRAMATTA,2150,Parramatta,CHAI COFFEE PTY LIMITED,37672431104.0,http://chaicoffee.com.au/,,admin@chaicoffee.com.au,admin@chaicoffee.com,0437 882 937
Athenium Theatre Junee,89 BROADWAY ST ,JUNEE,2663,Junee,Luke Taberner,,http://www.atheniumtheatre.com/,"More emails: jsc@junee.nsw.gov.au, jsc@junee.nsw.gov.auknow",jsc@junee.nsw.gov.authe,jsc@junee.nsw.gov.authanks,(02) 6924 8100
Cocktails 2U,7 FELSTEAD CCT ,THURGOONA,2640,Albury,Scott Bowerman,,https://vinbar.com.au/,,info@vinbar.com.au,info@vinbar.com.aualbury,0435 028 885
sushi Bar," Shop T17, 22 Forest Way ",FRENCHS FOREST,2086,Northern Beaches,SB FOREST PTY LTD,12672861193.0,https://www.sushibarplus.com.au/,,info@sbgroups.com.ausubmitthanks,info@sbgroups.com.au,0449 019 390
Ms. Right Restaurant,60A CLANVILLE RD ,ROSEVILLE,2069,Ku-ring-gai,MAIN WEALTH GROUP PTY LTD,77681421527.0,https://www.msright.com.au/,,hello@msright.com.au,03hello@msright.com.aumade,(02) 9139 6803
Medowie Macadamia,672 MEDOWIE RD ,MEDOWIE,2318,Port Stephens,MEDOWIE MACADAMIAS PTY LTD,61603692299.0,http://www.medowiemacadamias.com.au/,,sales@medowiemacadamias.com.au,stacy@optusnet.com.au,(02) 4982 8888
Navy Bear Pty Ltd,22 HUDSON PDE ,CLAREVILLE,2107,Northern Beaches,NAVY BEAR PTY LTD,90636111352.0,https://www.birdandbear.com.au/navy-bear/?utm_source=gmb,,info@birdandbear.com.au,info@birdandbear.com.auopening,0478 320 408
Oceane Hotel,35 HONEYSUCKLE DR ,NEWCASTLE,2300,Newcastle,MI GROUP EVENTS PTY LTD,97630009264.0,https://www.oceanehotel.au/,,functions@oceanehotel.au,info@oceanehotel.au,(02) 5850 1442
Club House Hotel,138 DUBBO ST ,WARREN,2824,Warren,Z10 FINANCE GROUP PTY LTD,56642805061.0,https://z10financegroup.com.au/,"More emails: info@z10financegroup.com.au, clubhousehotel@z10financegroup.com.au, z10financegroup.com.auimperialrestaurntnbar@z10financegroup.com.aucafetheentrance, cafetheentrance@z10financegroup.com.au",emailinfo@z10financegroup.com.auclubhousehotel,imperialrestaurntnbar@z10financegroup.com.au,(02) 6811 6976
Slingtown Coffee,150 YOUNG ST ,CARRINGTON,2294,Newcastle,SLINGSHOT VENTURES PTY LTD,82668286244.0,http://www.slingtown.com/,,hello@slingtown.com,2294hello@slingtown.com,(02) 4022 8255
Zaika Sydney Indian Restaurant,110 PACIFIC HWY ,ROSEVILLE,2069,Ku-ring-gai,Sandeep Singh .,,https://zaikaroseville.com.au/,,2069info@zaikaroseville.com.au,contact@zaikasydney.com.au,(02) 9880 9526
Wollondilly Performing Arts Centre,66 Menangle Street ,PICTON,2571,Wollondilly,WOLLONDILLY SHIRE COUNCIL,,https://www.wollondillypac.com.au/?fbclid=IwY2xjawFy7FZleHRuA2FlbQIxMAABHUY_FInXyNsMojeZkadLuzcWYhZd0R4tO6RzaizjNcih7uq3XeW_ncHMFg_aem_ytVhCp3718pNTuNVTMbVcA,,pac@wollondilly.nsw.gov.au,,(02) 4677 8222
infusion curries bar & Restaurant,UNIT 1 25 BELMORE RD ,LORN,2320,Maitland,Mani Singh,,https://infusioncurries.com.au/,,royalinfusion0111@gmail.com ,royalinfusion0111@gmail.com ,(02) 4936 4569
NUDE AMIGOS KINGSCLIFFE PTY LTD,"Shop 1, 60 MARINE PDE ",KINGSCLIFF,2487,Tweed,NUDE AMIGOS KINGSCLIFF PTY LTD,49675140235.0,https://www.nudeamigoskingscliff.au/,,hola@nudeamigoskingscliff.au,hola@nudeamigoskingscliff.auaddress,(02) 5657 0523
Fiorini's,816 CANOBOLAS RD ,CANOBOLAS,2800,Orange,Gabriella Fedeli,,http://www.fiorinis.com.au/,,3863ciao@fiorinis.com.autrading,,(02) 6365 3863
Bistro Moncur Catering,116 QUEEN ST ,WOOLLAHRA,2025,Woollahra,Alister Campbell,,http://www.bistromoncur.com.au/,,reservations@bistromoncur.com.au,reservations@bistromoncur.com.aua,(02) 9327 9713
Millbrie,89 MARKET ST ,MUDGEE,2850,Mid-Western Regional,Andrew CRESTANI,,https://millbrie.com.au/,,hello@millbrie.com.au,,(02) 6372 6662
Noodle Street Food,38 MANN ST ,GOSFORD,2250,Central Coast,Paul O'Donnell,,https://www.noodl.com.au/,,noodlstreetfoodkitchen@gmail.com.au,,(02) 4319 4532
Mullumbimby Show Society,62 MAIN ARM RD ,MULLUMBIMBY,2482,Byron,Anthony Moffatt,,http://www.mullumbimbyshowground.org.au/,,enquiriesmanager@mullumbimbyshowground.org.aucampingcamping,manager@mullumbimbyshowground.org.au,0474 100 189
Greystone Estate,617 HERMITAGE RD ,POKOLBIN,2320,Singleton,BB HOLDINGS NSW PTY LTD,,http://greystoneestate.net.au/,More emails: shortly.info@greystoneestate.net,info@greystoneestate.net.au,videoinfo@greystoneestate.net,0400 006 261
Little National Hotel Newcastle,42 HONEYSUCKLE DR ,NEWCASTLE,2300,Newcastle,LITTLE NATIONAL NEWCASTLE PTY LTD,54604207347.0,https://littlenationalhotel.com.au/newcastle/,"More emails: sales@littlenationalhotelcanberra.com.au, feedback@littlenationalhotelcanberra.com.au, careers@littlenationalhotels.com.au, lnreception@domahotels.com.au, media@domagroup.com.au, reservations@littlenationalhotels.com.au, newcastle@littlenationalhotel.com.au, michelle.chadwick@domahotels.com.au, sandra.bellamy@domahotels.com.au, kathryn.carling@domahotels.com.au",malakai.yeomans@domahotels.com.au,canberra@littlenationalhotel.com.au,(02) 4091 9000
Gloucester Cockies Rugby Union Club Inc,1 DENISON ST ,GLOUCESTER,2422,Mid-Coast,James SEARLE,,https://clubgloucester.com.au/,,anthony@gloucestersoldiers.com.au,,(02) 6558 1006
Budgewoi Bulldogs RLFC,107 SCENIC DR ,BUDGEWOI,2262,Central Coast,Jaimee Stockdale,,https://budgewoisoccer.com.au/,,snewman@wyongleagues.com.au,,(02) 4393 7280
Cudgen SLSC Functions,61 MARINE PDE ,KINGSCLIFF,2487,Tweed,Gregory Swift,,http://www.cudgenslsc.org.au/,"More emails: mick@cudgenslsc.org.au, marketing@cudgenslsc.org.auwinter, coldies.president@cudgenslsc.org.auwhere, patrols@cudgenslsc.org.ausurf, lifesaving.secretary@cudgenslsc.org.au, patrols@cudgenslsc.org.au, nippers@cudgenslsc.org.aumembership, functions@cudgenslsc.org.au, managergm@cudgenslsc.org.aubar, bistromick@cudgenslsc.org.aubook, functions@cudgenslsc.org.auentertainment, surfsports@cudgenslsc.org.aunipper, president99@cudgenslsc.org.au, membership@cudgenslsc.org.au, lifesaving.secretary@cudgenslsc.org.aupatrol, gm@cudgenslsc.org.aufunction, admin.manager@cudgenslsc.org.au, president@cudgenslsc.org.augeneral, admin.manager@cudgenslsc.org.auphone, mick@cudgenslsc.org.auadministration, manager@cudgenslsc.org.au, nippers@cudgenslsc.org.au, surfsports@cudgenslsc.org.au, admin@cudgenslsc.org.aulife, enquiryfunctions@cudgenslsc.org.auopening, marketing@cudgenslsc.org.au, admin@cudgenslsc.org.au, admin.manager@cudgenslsc.org.augeneral",coldies.president@cudgenslsc.org.au,gm@cudgenslsc.org.au,(02) 6674 1573
Kangy Gardens,49 PRESTON RD ,KANGY ANGY,2258,Central Coast,KEITH ISAACS,,http://www.kangygardens.com.au/,,info@kangygardens.com.au,,0481 592 935
Eastern Riverina Arts,54-58 JOHNSTON ST ,WAGGA WAGGA,2650,Wagga Wagga,ASHLEIGH BAXTER,,http://easternriverinaarts.org.au/,,exec@easternriverinaarts.org.au,us.exec@easternriverinaarts.org.auphone,(02) 6921 6890
Bar Infinita,10 ST JOHNS AV ,GORDON,2072,Ku-ring-gai,Tarandeep Tamana,,https://www.barinfinita.com.au/,More emails: infinitainfo@barinfinita.com,info@barinfinita.com,info@barinfinita.com.au,(02) 9144 6910
Shoalies Hockey Inc,1 WEST CAMBEWARRA RD ,NORTH NOWRA,2541,Shoalhaven,Vanessa PHELAN,,http://www.shoalhavenhockeyinc.com.au/,More emails: shoalhavenhockeyinc@gmail.comcontact,shoalhavenfhc@ihockey.com.au,incorporatedshoalhavenhockeyinc@gmail.comshinc,
Chevalier College,11 CHARLOTTE ST ,BURRADOO,2576,Wingecarribee,Averil Cutroni,,https://www.chevalier.nsw.edu.au/,,office@chevalier.nsw.edu.au,,(02) 4861 1488
CSU Mitchell Rugby Club,353 Panorama Ave ,BATHURST,2795,Bathurst Regional,Joseph Fajloun,,https://about.csu.edu.au/services-facilities/sport-recreation,,waggagym@csu.edu.au,bathurstgym@csu.edu.au,
Taree Aqautic Powerboat Club,1 Endevour Place ,TAREE,2430,Mid-Coast,Tori Mills,,https://sailos.com.au/,,enquiries@sailos.net.au,,(02) 6552 1435
Pico in Curly,UNIT 1 31 BRIGHTON ST ,CURL CURL,2096,Northern Beaches,Tobias DA SILVA MALLMANN,,https://www.picoincurly.com/,,2096picoincurly@gmail.comfirst,,
Wellington Cowboys Senior Rugby League Football Club,88 Simpson Street ,WELINGTON,2820,Dubbo Regional,Adam Ryan,,https://www.wellingtonraceclub.com/,,wellingtonboot@wellingtonraceclub.netbottom,wellingtonboot@wellingtonraceclub.net,0437 778 451
Absolute Aroma,Shops 2&3 2 North Avenue ,Cessnock,2325,Cessnock,HA&MS PTY LTD,55667040262.0,https://www.absolutearoma.com.au/,,info@absolutearoma.com.au,%20info@absolutearoma.com.au,(02) 4024 1266
Northern Agricultural Association Inc,32 BATHURST ST ,SINGLETON,2330,Singleton,Roslyn Shearer,,http://www.singletonshow.com/home,,secretary@singletonshow.com,,(02) 6572 2039
Grill @ gordon,770 PACIFIC HWY ,GORDON,2072,Ku-ring-gai,SKRD PTY LTD,19649681023.0,https://grillatgordon.com.au/,,grillatgordon@outlook.com,grillatgordon@outlook.comopening,0491 649 508
Casuarina Beach Hockey Club,1 Barclay Dr (DP 1014470 Tweed Shire Council) ,CASUARINA,2487,Tweed,Matthew Bartell,,http://www.casuarinahockey.com/,,info@casuarinahockey.com,,
Teppanyaki Bar,UNIT 7 11 VOLT LANE ,ALBURY,2640,Albury,Hok Lam,,https://teppanyakibar.wixsite.com/teppanyakiar,,teppanyakibar@outlook.com,,(02) 6062 2624
The Goldfish Bowl Bakery,160 RUSDEN ST ,ARMIDALE,2350,Armidale Regional,Trent Rush,,https://www.thegoldfishbowl.com.au/,,trent@thegoldfishbowl.com.au,,(02) 6771 5533
I Sapori,9 BAKER ST ,WINDSOR,2756,Hawkesbury,Shipon SHAZADUL,,https://isapori.com.au/,,australiahello@isapori.com.au,hello@isapori.com.au,(02) 4502 3720
245 Bar and Pizzeria,245 RIVER ST ,MACLEAN,2463,Clarence Valley,Patrick Kelly,,http://www.245bar.com.au/,,hello@245bar.com.auphone,,(02) 6645 1604
Eungai Creek Buffalo,50 ELLIOTS RD ,TAMBAN,2441,Nambucca Valley,Kim Massingham,,http://eungaicreekbuffalo.com.au/,More emails: hello@archivemnc.com.auaddress,ian@eungaicreekbuffalo.com.au,ian@eungaicreekbuffalo.com.aulive,0414 743 118
The Local Pizzeria Tumut,31 WYNYARD ST ,TUMUT,2720,Snowy Valleys,TRISET ENTERPRISES PTY LTD,49114966595.0,http://www.thelocalpizzeriatumut.com.au/,,hello@thelocalpizzeriatumut.com.au,,(02) 6947 9123
Hole in Fun,37 SUNNY BANK RD ,LISAROW,2250,Central Coast,Aaron DE RUITER,,http://www.holeinfun.com.au/,,nswemailinfo@holeinfun.com.au,,
Acacia Eatery,SHOP 30 56-58 GLEN ST ,BELROSE,2085,Northern Beaches,ACACIA HOSPITALITY PTY LTD,70673236078.0,https://www.acaciaeatery.com.au/,,info@acaciaeatery.com.au,,(02) 8283 0749
TWO HUNGRY BEARS BROOKVALE,686 PITTWATER RD ,BROOKVALE,2100,Northern Beaches,Clinton Nitschke,,http://www.twohungrybears.com.au/,More emails: brookvale@twohungrybears.com.aufirst,brookvale@twohungrybears.com.au,brookvale@twohungrybears.com.aubottom,(02) 9483 2594
Tokyo Station,UNIT 4 84 JONSON ST ,BYRON BAY,2481,Byron,Keiji Ishida,,https://www.tokyostationbyron.com/,,info@mysite.co.jp,info@mysite.co,(02) 9030 5034
Waters Edge Restaurant,UNIT 7 9 ORIENT ST ,BATEMANS BAY,2536,Eurobodalla,TASTE TO TASTE PTY LTD,28168746414.0,http://watersedgerestaurant.com.au/,,info@watersedgerestaurant.com.au,,0416 216 196
Clifton Woolshed,1371 TARANA RD ,LOCKSLEY,2795,Bathurst Regional,Bronwyn DE LOSA,,https://www.cliftonwoolshed.com.au/,,enquiries@cliftonwoolshed.com.au,,0429 631 555
The Quadrant Cafe West Lindfield,38 MOORE AV ,LINDFIELD,2070,Ku-ring-gai,Andrew Leach,,http://www.thequadrantcafe.com.au/,,andrew@thequadrantcafe.com,,(02) 9127 1886
TWOTRIPLEFOUR,24 CLARENCE ST ,PORT MACQUARIE,2444,Port Macquarie-Hastings,GKPJ PTY LTD,77629871156.0,http://www.twotriplefour.com/,,hello@twotriplefour.com,,(02) 6516 2244
Maitland Showground,50 BLOMFIELD ST ,SOUTH MAITLAND,2320,Maitland,Anthony Lantry,,http://www.maitlandshowground.com.au/,,office@maitlandshowground.com.au,office@maitlandshowground.com.auphone,(02) 4933 5052
Arthur's Pantry,1E COOPER ST ,CESSNOCK,2325,Cessnock,Blake Gontier,,http://www.arthurspantry.com.au/,,hello@arthurspantry.com.au,2325hello@arthurspantry.com,(02) 4991 3786
Il Toscano Pasta Bar,60 TERRIGAL ESP ,TERRIGAL,2260,Central Coast,Matteo Piccardi,,https://iltoscano.com.au/,More emails: iltoscanoau@gmail.compowered,iltoscanoau@gmail.comopening,iltoscanoau@gmail.comtodayclosedlunch,0480 295 975
The Nyngan Hotel,104-106 NYMAGEE ST ,NYNGAN,2825,Bogan,E & J STANTON PTY LTD,33640856551.0,https://www.thenynganhotel.com.au/,,thenynganhotel@hotmail.comphone,,1300 883 369
Maloya PTY LTD T/A Metro Brew'in,76A EDINBURGH RD ,MARRICKVILLE,2204,Inner West,Marie Habis,,https://www.metrobrewin.com.au/,,info@metrobrewin.com.au,,(02) 9564 1946
Rasa House,639B NEW SOUTH HEAD RD ,ROSE BAY,2029,Woollahra,Indrani MATTA,,http://www.rasahouse.com.au/,More emails: info@rasahouse.com.auneed,790info@rasahouse.com.au,info@rasahouse.com.au,0434 618 790
The Milbrey Kitchen & Store,163 OBERON ST ,OBERON,2787,Oberon,Amanda BOLTON,,http://www.themilbrey.com.au/,More emails: storeenquiries@themilbrey.com.au,enquiries@themilbrey.com.au,1816emailenquiries@themilbrey.com.au,(02) 6336 1816
Jetty Pavilion,SHOP 59 361 HARBOUR DR ,COFFS HARBOUR,2450,Coffs Harbour,BARGAIN WITH THE FUTURE PTY LTD,29669231654.0,https://www.jettypav.com.au/,,4469bookings@jettypav.com.au,bookings@jettypav.com.au,(02) 5642 4469
Oystercove Batemans Bay,Shop 2 5 Orient St ,Batemans Bay,2536,Eurobodalla,CHATFIELD CORPORATION PTY LTD,60670573574.0,http://oystercovecocktailbar.com.au/,More emails: bookings@oystercovecocktailbar.com.au,walesteam@oystercovecocktailbar.com.au,team@oystercovecocktailbar.com.au,0400 984 098
Speers Point Amateur Sailing Club Inc,20B PARK RD ,SPEERS POINT,2284,Lake Macquarie,Robert Trussell,,https://www.spasc.org.au/,,2284spascsailing@gmail.combec,,0457 405 229
Krinklewood Estate Pty Ltd,712 WOLLOMBI RD ,BROKE,2330,Singleton,KRINKLEWOOD ESTATE PTY LTD,,https://www.krinklewood.com/,"More emails: mckenna@krinklewood.com, winery@krinklewood.com, %20mckenna@krinklewood.com, events@krinklewood.com",info@krinklewood.com,orders@krinklewood.com,(02) 6579 1322
O'Connell Hotel,2408 O'CONNELL RD ,O'CONNELL,2795,Oberon,JOHNSTON BROS PTY LTD,20000156589.0,https://www.oconnellhotel.com/,,info@oconnellhotel.com,,0473 591 107
Cowra Show Society Inc,3-5 GRENFELL RD ,COWRA,2794,Cowra,Philip Millard,,https://www.cowrashow.com/,,secretary@cowrashow.com,secretary@cowrashow.comcss,(02) 6342 1977
Jervis Bay Game Fishing Club Inc.,Lot 7004 Frank Lewis Way ,WOOLLAMIA,2540,Shoalhaven,David Fenech,,https://clubjervisbay.com.au/,More emails: baymarketing@clubjervisbay.com.au,5282marketing@clubjervisbay.com.au,marketing@clubjervisbay.com.au,(02) 4441 5282
